Car Company,Location,Year,Kilometers_Driven,Fuel_Type,Transmission,Owner_Type,Mileage,Engine in CC,Power in bhp,Seats,Price in Lakh
Toyota Innova Crysta 2.8 GX AT 8S,Mumbai,2016,36000,2,1,1,11.36,2755,171.5,8,17.5
Volkswagen Vento 2 Comfortline,Pune,2013,64430,2,0,1,20.54,1598,103.6,5,5.2
Maruti Ciaz Zeta,Kochi,2018,25692,1,0,1,21.56,1462,103.25,5,9.95
Honda City 1.5 V AT Sunroof,Kolkata,2012,60000,1,1,1,16.8,1497,116.3,5,4.49
Maruti Swift VDI BSIV,Jaipur,2015,64424,2,0,1,25.2,1248,74,5,5.6
Land Rover Range Rover 2.2L Pure,Delhi,2014,72000,2,1,1,12.7,2179,187.7,5,27
Mitsubishi Pajero Sport 4X4,Delhi,2014,110000,2,0,1,13.5,2477,175.56,7,15
Honda Amaze S i-Dtech,Kochi,2016,58950,2,0,1,25.8,1498,98.6,5,5.4
Maruti Swift DDiS VDI,Jaipur,2017,25000,2,0,1,28.4,1248,74,5,5.99
Renault Duster 85PS 2 RxL Plus,Kochi,2014,77469,2,0,1,20.45,1461,83.8,5,6.34
Mercedes-Benz New C-Class C 220 CDI BE Avantgare,Bangalore,2014,78500,2,1,1,14.84,2143,167.62,5,28
BMW 3 Series 320d,Kochi,2014,32982,2,1,1,22.69,1995,190,5,18.55
Maruti S Cross DDiS 200 Alpha,Bangalore,2015,55392,2,0,2,23.65,1248,88.5,5,8.25
Audi A6 2011-2015 35 TFSI Technology,Mumbai,2015,55985,1,1,1,13.53,1984,177.01,5,23.5
Volkswagen Vento 1 Highline AT,Kolkata,2010,33000,1,1,1,14.4,1598,103.6,5,2.85
Honda City Corporate Edition,Mumbai,2012,51920,1,0,1,16.8,1497,116.3,5,4.25
Nissan Micra 2 XV,Hyderabad,2012,54000,2,0,1,23.08,1461,63.1,5,4.25
Honda WRV i-VTEC VX,Kochi,2018,37430,1,0,1,17.5,1199,88.7,5,9.9
Renault Duster 110PS 2 RxZ Pack,Bangalore,2013,62000,2,0,1,19.01,1461,108.45,5,7.75
Toyota Corolla Altis G,Delhi,2012,87615,1,0,1,14.53,1798,138.1,5,6.75
Mahindra Ssangyong Rexton RX7,Bangalore,2013,72000,2,1,2,11.18,2696,184,7,12.5
Audi A6 2.7 TDI,Kolkata,2010,35000,2,1,1,12.4,2698,179.5,5,11.5
Volkswagen Vento 1.6 Highline,Coimbatore,2014,55431,1,0,2,16.09,1598,103.5,5,6.98
Maruti Vitara Brezza ZDi Plus,Kochi,2018,50075,2,0,1,24.3,1248,88.5,5,8.63
Mahindra KUV 100 mFALCON G80 K6 5str AW,Delhi,2017,52000,1,0,1,18.15,1198,82,5,4.85
Mercedes-Benz M-Class ML 350 CDI,Pune,2013,85000,2,1,1,11.74,2987,254.8,5,28
Volkswagen Polo 2 Trendline 1.2L,Chennai,2013,62000,2,0,1,22.07,1199,73.9,5,5
Mahindra KUV 100 mFALCON D75 K8 Dual Tone,Coimbatore,2017,22033,2,0,1,25.32,1198,77,6,5.58
Hyundai i20 Magna Optional 1.2,Kochi,2014,35487,1,0,1,18.5,1197,82.9,5,4.74
Hyundai Elantra 2.0 SX Option AT,Bangalore,2014,46374,1,1,1,14.62,1999,149.92,5,8.85
Toyota Corolla Altis G AT,Mumbai,2016,52001,1,1,1,14.28,1798,138.03,5,10.11
Toyota Innova Crysta 2.7 GX MT,Bangalore,2012,70704,1,0,1,11.25,2694,163.7,7,10.95
Hyundai Xcent 1.1 CRDi S,Jaipur,2014,75000,2,0,1,24.4,1120,71,5,3.85
Mahindra Thar CRDe AC,Jaipur,2012,75800,2,0,2,16.55,2498,105,6,5.5
Audi A4 2.0 TDI 177   Premium Plus,Kochi,2015,13648,2,1,1,17.11,1968,174.33,5,21.43
Maruti Swift LDI,Delhi,2014,52000,2,0,1,22.9,1248,74,5,4.25
Maruti Swift Ldi BSIV,Kolkata,2014,53000,2,0,1,17.8,1248,75,5,3.3
Maruti Swift VDI,Delhi,2013,65650,2,0,1,28.4,1248,74,5,3.85
Hyundai Grand i10 Sportz,Chennai,2015,54000,1,0,3,18.9,1197,82,5,3.6
Volkswagen Vento 2013-2015 1.6 Comfortline,Kolkata,2015,39000,1,0,1,15.04,1598,103.2,5,3.99
Renault KWID RXT,Kochi,2017,16542,1,0,1,25.17,799,53.3,5,3.3
Nissan X-Trail SLX AT,Hyderabad,2010,121812,2,1,1,13.29,1995,147.6,5,7.75
Toyota Innova Crysta 2.4 GX MT 8S,Mumbai,2017,22000,2,0,1,13.68,2393,147.8,8,16.5
Ford Figo 2 Titanium,Bangalore,2010,72000,2,0,1,20,1399,68,5,2.75
Mercedes-Benz New C-Class C 200 CGI Avantgarde,Delhi,2015,58000,1,1,1,11.74,1796,186,5,26.7
Mercedes-Benz New C-Class 200 CDI Classic,Pune,2011,65000,2,0,2,15.8,2148,170,5,10
Audi A4 2.0 TDI Multitronic,Jaipur,2012,65664,2,1,1,16.55,1968,140,5,13.5
Maruti Ertiga SHVS VDI,Pune,2016,63000,2,0,1,24.52,1248,88.5,7,8.15
Hyundai Creta 1.4 E Plus 2,Mumbai,2018,13000,2,0,1,22.1,1396,88.7,5,10.5
Mahindra XUV500 W8 4WD,Mumbai,2015,55729,2,0,1,15.1,2179,140,7,9.65
Hyundai i10 Sportz 1.2 AT,Kochi,2012,45178,1,1,1,16.95,1197,78.9,5,3.48
Nissan Terrano XV D Pre,Kochi,2015,56066,2,0,1,19.64,1461,108.5,5,6.92
Honda Brio VX AT,Coimbatore,2016,37300,1,1,2,16.5,1198,86.8,5,6.46
Audi A6 2.0 TDI Design Edition,Delhi,2014,56000,2,1,2,18.53,1968,187.74,5,29.5
Toyota Innova 2.5 VX 7 STR BSIV,Hyderabad,2012,104000,2,0,1,12.8,2494,102,7,11.75
Maruti Swift VDI,Jaipur,2012,95100,2,0,1,22.9,1248,74,5,3.75
Tata Zest Revotron 1.2T XE,Pune,2017,70000,1,0,1,17.57,1193,88.7,5,4.5
Honda Amaze SX i-VTEC,Kochi,2016,54944,1,0,1,18,1198,86.7,5,4.82
Ford Figo 2 ZXI,Hyderabad,2012,70337,2,0,1,20,1399,68,5,2.8
Maruti Ritz VDi,Jaipur,2013,99638,2,0,1,23.2,1248,73.94,5,3.11
BMW 5 Series 2003-2012 525d,Delhi,2011,75000,2,1,2,16.73,1995,218,5,13.9
Hyundai Grand i10 Sportz,Bangalore,2016,16000,1,0,1,18.9,1197,82,5,5.75
Honda Amaze SX i-VTEC,Mumbai,2016,18949,1,0,1,17.8,1198,86.7,5,5
Toyota Fortuner 4x2 0,Delhi,2014,107000,2,0,1,13,2982,168.5,7,16.5
Audi A6 2011-2015 35 TDI Premium,Coimbatore,2018,48367,2,1,1,17.68,1968,174.33,5,39.58
Ford Ecosport 1.5 DV5 MT Titanium Optional,Delhi,2013,57000,2,0,1,22.7,1498,89.84,5,5.5
Mahindra XUV500 W8 2WD,Delhi,2014,58000,2,0,1,15.1,2179,140,7,8.1
Honda Amaze SX i-DTEC,Kolkata,2015,30000,2,0,1,25.8,1498,98.6,5,3.5
Volkswagen Polo 2 Highline 1.2L,Kolkata,2013,34212,2,0,1,22.07,1199,73.9,5,2.79
Hyundai Verna Transform SX VGT CRDi,Ahmedabad,2010,70002,2,0,1,16.2,1493,110,5,3.45
Maruti Wagon R VXI BS IV,Bangalore,2016,62000,1,0,1,18.9,998,67.1,5,4.45
Volkswagen Polo 1 Highline 1.6L,Delhi,2010,62001,1,0,1,15.26,1598,103.5,5,2.65
Hyundai i20 1.4 CRDi Sportz,Pune,2011,78958,2,0,2,23,1396,90,5,3.8
Hyundai i20 Asta 1.2,Mumbai,2014,30180,1,0,1,18.5,1197,82.85,5,4.65
Datsun GO Plus T 1,Pune,2017,32851,1,0,1,19.83,1198,67,7,3.95
Audi A4 3.0 TDI Quattro Premium,Kolkata,2010,30000,2,1,1,14.94,2967,241.4,5,9.8
Toyota Etios Liva 1.2 G,Ahmedabad,2014,53000,1,0,1,17.71,1197,78.9,5,3.9
Jaguar XF 3.0 Litre S Premium Luxury,Hyderabad,2011,78000,2,1,2,14.74,2993,270.9,5,24
Mahindra XUV500 W8 2WD,Delhi,2012,65000,2,0,2,16,2179,140,7,5.75
Hyundai Verna 1.6 SX CRDI (O) AT,Kolkata,2014,40000,2,1,1,22.32,1582,126.32,5,5.25
Toyota Innova Crysta 2.8 ZX AT,Mumbai,2017,30000,2,1,1,11.36,2755,171.5,7,19.25
Maruti Eeco 5 Seater AC,Coimbatore,2017,38053,1,0,1,15.1,1196,73,5,3.91
BMW 3 Series 320d Luxury Line,Mumbai,2015,56087,2,1,1,22.69,1995,190,5,20.75
Honda Civic 2006-2010 1.8 V MT,Delhi,2010,71088,1,0,1,13.5,1799,130,5,3.35
Toyota Innova 2.5 VX (2) 7 Seater,Ahmedabad,2014,55000,2,0,1,12.99,2494,100.6,7,11.11
Volvo V40 Cross Country D3,Bangalore,2014,32700,2,1,1,23.3,1984,150,5,20
Nissan Micra XV CVT,Coimbatore,2016,39882,1,1,1,19.15,1198,75.94,5,6.55
Maruti Vitara Brezza VDi,Mumbai,2016,55000,2,0,1,24.3,1248,88.5,5,7.5
Mercedes-Benz B Class B200 CDI,Pune,2014,53753,2,1,2,15,2143,107.3,5,16.75
Hyundai Verna CRDi 1.6 SX Option,Kolkata,2018,10250,2,0,1,22,1582,126.2,5,10.95
Tata Nano XTA,Coimbatore,2017,32684,1,1,1,21.9,624,37.48,4,3.23
Mahindra Scorpio VLX,Kolkata,2014,42000,2,0,1,12.05,2179,120,8,7.75
Maruti Wagon R LXI 3,Pune,2013,89900,3,0,1,26.6,998,58.16,5,3.25
Volkswagen Vento 1.5 TDI Comfortline AT,Pune,2015,55000,2,1,1,21.21,1498,103.2,5,7.25
Maruti Ciaz VXi Plus,Kochi,2017,44285,1,0,1,20.73,1373,91.1,5,7.47
Mahindra XUV500 AT W10 FWD,Jaipur,2016,54000,2,1,1,16,2179,140,7,13.25
Maruti Ritz VXI ABS,Coimbatore,2016,30232,1,0,1,21.1,1197,85.8,5,5.81
Maruti Alto K10 VXI,Hyderabad,2014,88500,1,0,1,24.07,998,67.1,5,2.6
Mercedes-Benz SLC 43 AMG,Kolkata,2017,13372,1,1,1,19,2996,362.07,2,54
Hyundai Verna VTVT 1.6 AT SX Plus,Kochi,2019,12645,1,1,1,17,1591,121.3,5,11.5
BMW 1 Series 118d Base,Coimbatore,2015,31821,2,1,1,20.58,1995,143,5,17.22
Honda Jazz 1.2 V CVT i VTEC,Mumbai,2015,12000,1,1,1,19,1199,88.7,5,6
Honda Civic 2006-2010 1.8 V MT,Delhi,2012,88578,1,0,1,13.5,1799,130,5,3.95
Mercedes-Benz New C-Class C 220 CDI Avantgarde,Kochi,2014,44965,2,1,1,19.27,2143,170,5,17.95
Honda Amaze SX i-DTEC,Kolkata,2014,45044,2,0,1,25.8,1498,98.6,5,3.7
Maruti Swift VVT VXI,Kochi,2016,34204,1,0,1,22,1197,81.8,5,5.43
Toyota Fortuner 3.0 2,Coimbatore,2012,91235,2,0,1,11.5,2982,171,7,13.49
Chevrolet Beat LT Option,Pune,2014,38800,1,0,1,18.6,1199,76.8,5,2.85
Skoda Rapid 1.5 TDI Elegance,Chennai,2013,83000,2,0,1,21.14,1498,103.52,5,4.75
Maruti Ciaz 1.4 Alpha,Kochi,2018,41283,1,0,1,20.73,1373,91.1,5,9.9
Audi RS5 Coupe,Mumbai,2013,23000,1,1,1,11.05,2894,444,4,37
BMW 3 Series Luxury Line,Mumbai,2014,48000,2,1,1,21.76,1995,190,5,26.5
Audi A4 2.0 TDI 177   Premium Plus,Coimbatore,2015,48214,2,1,1,17.11,1968,174.33,5,23.32
Maruti Swift VDI,Chennai,2016,35000,2,0,1,22.9,1248,74,5,6.25
Mercedes-Benz S Class 2005 2013 S 500,Kolkata,2010,35277,1,1,1,7.81,5461,362.9,5,30
Skoda Rapid 1.5 TDI AT Elegance Plus Black Package,Coimbatore,2016,54620,2,1,1,21.66,1498,103.52,5,9.86
Skoda Superb Elegance 2.0 TDI CR AT,Pune,2012,136997,2,1,1,17.2,1968,138.1,5,8.5
Hyundai EON Magna Plus,Kochi,2019,14322,1,0,1,21.1,814,55.2,5,4.23
Volkswagen Polo 2 Trendline 1.2L,Jaipur,2012,65634,2,0,1,22.07,1199,73.9,5,3.5
Datsun GO NXT,Kolkata,2016,6000,1,0,1,20.63,1198,67.06,5,2.5
Mercedes-Benz B Class B180,Delhi,2013,29000,1,1,1,14.8,1595,120.7,5,11.25
Honda City i DTEC V,Kochi,2015,42831,2,0,1,26,1498,98.6,5,7.11
Toyota Innova 2.5 G (2) 7 Seater,Ahmedabad,2016,90000,2,0,1,12.99,2494,100.6,7,10.9
Maruti Swift VXI Optional,Ahmedabad,2017,24005,1,0,1,20.4,1197,81.8,5,6.2
Mahindra XUV500 W8 2WD,Mumbai,2012,32792,2,0,1,15.1,2179,140,7,7.9
Ford Ecosport 1.5 DV5 MT Ambiente,Kochi,2014,147898,2,0,1,22.7,1498,89.84,5,4.42
Toyota Fortuner 4x2 0,Mumbai,2012,131765,2,0,1,13,2982,168.5,7,13.5
Volkswagen Vento 1.5 Highline Plus AT 16 Alloy,Chennai,2013,65000,2,1,1,21.5,1498,108.5,5,6.25
BMW X5 xDrive 30d,Mumbai,2015,41000,2,1,1,15.3,2993,258,5,45
Mercedes-Benz New C-Class C 220 CDI Style,Coimbatore,2017,23550,2,1,1,19.27,2143,167.62,5,33.66
Honda Brio V MT,Bangalore,2012,45000,1,0,2,19.4,1198,86.8,5,3.65
Hyundai i10 Magna 1.2,Delhi,2013,60000,1,0,1,20.36,1197,78.9,5,2.75
Mercedes-Benz GLC 220,Bangalore,2016,44414,2,1,1,17.9,2143,170,5,42.5
Hyundai Grand i10 1.2 Kappa Asta,Kolkata,2019,1000,1,0,1,18.9,1197,81.86,5,6.5
Audi A6 2011-2015 2.0 TDI Premium Plus,Mumbai,2012,62500,2,1,2,17.68,1968,174.33,5,19
Volkswagen Vento 1 Highline AT,Mumbai,2013,21000,1,1,2,14.4,1598,103.6,5,4.45
Mini Countryman Cooper D,Jaipur,2017,8525,2,1,2,16.6,1998,112,5,23
Hyundai i20 Asta 1.4 CRDi,Bangalore,2014,29000,2,0,1,22.54,1396,88.73,5,8.35
Audi A6 2011-2015 2.0 TDI Premium Plus,Mumbai,2014,40000,2,1,1,17.68,1968,174.33,5,22.95
Skoda Superb Elegance 1.8 TSI AT,Kochi,2012,53537,1,1,1,13.7,1798,157.75,5,6.89
BMW 5 Series 520d Luxury Line,Hyderabad,2014,51000,2,1,1,22.48,1995,190,5,33.5
Volkswagen Polo 2 Highline 1.2L,Hyderabad,2012,63000,2,0,1,22.07,1199,73.9,5,4.2
Renault Lodgy 110PS RxZ 8 Seater,Mumbai,2015,25000,2,0,1,19.98,1461,108.5,8,6.75
Mercedes-Benz E-Class E250 CDI Avantgrade,Bangalore,2014,37382,2,1,1,13,2143,201.1,5,32
Maruti Baleno Alpha,Kochi,2017,24773,1,0,1,21.4,1197,83.1,5,7.5
Hyundai Verna 1.6 SX,Delhi,2012,62000,2,0,1,22.32,1582,126.32,5,4.6
Hyundai i10 Magna 1.1,Kochi,2017,52340,1,0,1,19.81,1086,68.05,5,4.04
Mahindra Scorpio 1.99 S10 4WD,Kochi,2016,56739,2,0,1,15.4,1997,120,7,10.31
Land Rover Range Rover 2.2L Dynamic,Coimbatore,2018,36091,2,1,1,12.7,2179,187.7,5,55.76
Ford Figo 2 ZXI,Chennai,2010,120000,2,0,1,20,1399,68,5,2.6
Maruti Ertiga ZDI,Mumbai,2016,33000,2,0,1,25.47,1248,88.5,7,8.5
Honda Amaze S i-Dtech,Kolkata,2014,52000,2,0,1,25.8,1498,98.6,5,3.5
Hyundai i10 Magna,Jaipur,2015,43571,1,0,1,20.36,1197,78.9,5,3.55
Honda Amaze S i-Dtech,Kolkata,2013,50000,2,0,1,25.8,1498,98.6,5,3.25
Renault Duster 85PS 2 RxL,Delhi,2014,90000,2,0,1,19.87,1461,83.8,5,5.35
Mahindra NuvoSport N6,Chennai,2017,29000,2,0,2,17.45,1493,100,7,6.5
Maruti Vitara Brezza ZDi Plus Dual Tone,Mumbai,2016,20000,2,0,1,24.3,1248,88.5,5,9
Hyundai i20 Asta Option 1.2,Kochi,2016,61012,1,0,1,18.6,1197,81.83,5,6
Audi Q3 2012-2015 35 TDI Quattro Premium Plus,Delhi,2015,64103,2,1,1,15.73,1968,174.33,5,19.9
Skoda Octavia Elegance 1.8 TSI AT,Mumbai,2014,76000,1,1,1,14.7,1798,177.5,5,10
Toyota Etios Liva GD SP,Delhi,2014,104000,2,0,1,23.59,1364,67.06,5,3
Mercedes-Benz B Class B180,Kochi,2014,37245,1,1,1,14.8,1595,120.7,5,11.96
Honda Amaze S 2,Kolkata,2013,45000,2,0,1,27.4,1498,98.6,5,3.25
Hyundai Verna 1.6 SX,Jaipur,2012,117837,2,0,2,22.32,1582,126.32,5,4.75
Renault Duster 85PS 2 RxL Optional,Mumbai,2014,30000,2,0,1,20.46,1461,83.8,5,5.95
Hyundai Creta 1.6 VTVT S,Delhi,2015,27057,1,0,2,15.29,1591,121.3,5,8.15
Maruti Wagon R AMT VXI,Mumbai,2016,8500,1,1,1,20.51,998,67,5,4.22
Mercedes-Benz New C-Class C250 Avantgarde,Kolkata,2010,30500,1,1,1,11.74,1796,186,5,10.5
Audi A8 L 3.0 TDI quattro,Delhi,2012,56000,2,1,1,11.8,2967,246.7,5,45
Hyundai i10 Magna 1.1,Pune,2012,44000,1,0,2,19.81,1086,68.05,5,2.9
Skoda Rapid 1.6 MPI AT Style Black Package,Mumbai,2017,10500,1,1,1,14.3,1598,103.52,5,8.9
Skoda Superb Style 1.8 TSI AT,Hyderabad,2017,26000,1,1,1,14.67,1798,177.46,5,26
Hyundai i20 Active 1.2 SX,Coimbatore,2018,25166,1,0,1,17.19,1197,81.86,5,8.22
Honda Amaze VX i-DTEC,Kolkata,2014,64000,2,0,2,25.8,1498,98.6,5,3.5
Mahindra Verito 1.5 D4 BSIV,Hyderabad,2013,107000,2,0,1,21.03,1461,65,5,3.7
Mercedes-Benz New C-Class C 220d Avantgarde Edition C,Coimbatore,2018,29161,2,1,1,19.27,2143,167.62,5,39.41
Maruti Wagon R VXI,Kolkata,2013,32000,1,0,1,22.5,998,67.04,5,2.65
Nissan Terrano XV Premium 110 PS Anniversary Edition,Coimbatore,2015,46173,2,0,2,19.01,1461,108.5,5,8.92
Mini Cooper Convertible S,Kochi,2017,26327,1,1,1,16.82,1998,189.08,4,35.67
Chevrolet Beat LT,Kochi,2016,60813,1,0,2,18.6,1199,76.8,5,3.32
Volkswagen Polo 2 Comfortline 1.2L,Mumbai,2012,45000,2,0,1,22.07,1199,73.9,5,3.6
Maruti Swift ZDi,Hyderabad,2016,64000,2,0,1,22.9,1248,74,5,6.8
Ford Figo 2 EXI,Kolkata,2012,41284,2,0,1,20,1399,68.05,5,2.5
Toyota Innova Crysta 2.8 GX AT,Kochi,2019,14165,2,1,1,11.36,2755,171.5,7,19.64
Hyundai Santa Fe 4x4 AT,Mumbai,2011,67000,2,1,2,11.72,2199,194.3,7,7
Honda City i-VTEC V,Kolkata,2011,32572,1,0,1,17.4,1497,117.3,5,3.87
Hyundai i20 1.2 Magna Executive,Kochi,2018,14960,1,0,1,18.6,1197,81.83,5,6.27
Mercedes-Benz New C-Class C 220d Avantgarde Edition C,Kochi,2015,55980,2,1,1,19.27,2143,167.62,5,18.12
Chevrolet Beat 2 LT,Mumbai,2013,74000,2,0,1,25.44,936,57.6,5,2.65
Hyundai i20 Sportz 1.4 CRDi,Kochi,2015,56847,2,0,1,22.54,1396,88.73,5,7.2
Toyota Innova 2.5 Z 2 7 Seater,Coimbatore,2015,121374,2,0,1,12.99,2494,100.6,7,14.3
Maruti Ertiga VDI,Chennai,2013,52000,2,0,1,20.77,1248,88.76,7,6.9
Toyota Innova 2.5 V 2 7-seater,Mumbai,2014,118000,2,0,1,12.8,2494,102,7,10.75
Honda City i VTEC V,Kochi,2016,33915,1,0,1,17.8,1497,117.3,5,8.09
BMW X1 sDrive20d,Ahmedabad,2014,82002,2,1,1,17.05,1995,184,5,18.5
Hyundai Grand i10 CRDi Era,Mumbai,2017,33000,2,0,1,24,1120,70,5,4.75
Maruti Ciaz 1.3 Alpha,Chennai,2016,34000,2,0,1,28.09,1248,88.5,5,8.45
Skoda Rapid Leisure 1.6 TDI MT,Kolkata,2012,55000,2,0,1,20.5,1598,103.6,5,3.5
Volkswagen Polo GT 1.5 TDI,Jaipur,2014,60000,2,0,2,19.91,1498,103.6,5,3.7
Honda Jazz 1.2 VX i VTEC,Coimbatore,2017,49575,1,0,1,18.7,1199,88.7,5,7.17
Hyundai Tucson 2.0 e-VGT 2WD AT GLS,Kochi,2018,51346,2,1,1,16.38,1995,183,5,21.99
Toyota Innova Crysta 2.4 ZX MT,Pune,2017,43000,2,0,1,13.68,2393,147.8,7,18.65
Maruti Swift VXI BSIV,Coimbatore,2017,27872,1,0,2,20.4,1197,81.8,5,5.95
Hyundai Grand i10 Magna,Mumbai,2014,16514,1,0,1,18.9,1197,82,5,3.75
Maruti Swift VDI,Pune,2012,120000,2,0,1,22.9,1248,74,5,3.75
Hyundai i20 1.2 Sportz,Mumbai,2010,52000,1,0,1,17,1197,80,5,2.8
Mercedes-Benz GLE 350d,Coimbatore,2017,29819,2,1,1,11.57,2987,254.79,5,61.29
Mercedes-Benz New C-Class C 220 CDI CLASSIC,Bangalore,2014,57000,2,0,2,15.8,2148,170,5,18
Maruti Ritz ZDi,Hyderabad,2014,88500,2,0,1,23.2,1248,73.94,5,4.35
Hyundai Creta 1.6 CRDi SX,Bangalore,2016,28000,2,0,1,19.67,1582,126.2,5,13.75
Renault Duster 110PS 2 RXZ Option,Delhi,2016,26000,2,0,1,19.64,1461,108.45,5,10
BMW X3 xDrive30d M Sport,Coimbatore,2017,51982,2,1,1,16.55,2993,258,5,45.77
Hyundai i10 Sportz,Bangalore,2010,36000,1,0,2,20.36,1197,78.9,5,3.25
Toyota Innova 2.5 G4 2 7-seater,Pune,2016,47000,2,0,1,12.8,2494,102,7,12.8
Maruti Swift VDI,Hyderabad,2018,31025,2,0,1,28.4,1248,74,5,7.15
Mahindra Scorpio VLX 2.2 mHawk Airbag BSIV,Pune,2013,105000,2,0,2,12.05,2179,120,8,7
Tata Zest Quadrajet 1.3 75PS XE,Pune,2017,121900,2,0,1,22.95,1248,74,5,3.75
Ford EcoSport 1.0 Ecoboost Titanium Plus,Mumbai,2017,22695,1,0,1,18.88,999,123.24,5,8.5
Maruti Swift Dzire ZDI,Jaipur,2012,73000,2,0,1,23.4,1248,74,5,4.35
Maruti Alto 800 LXI,Kochi,2016,32227,1,0,1,22.74,796,47.3,5,3.26
Honda City 1.5 S MT,Jaipur,2011,55000,1,0,1,17,1497,118,5,4.21
Audi Q7 3.0 TDI Quattro Technology,Kochi,2018,11287,2,1,1,12.07,2967,241.4,7,70.36
Hyundai Verna 1.6 SX VTVT (O),Kochi,2012,54308,1,0,1,17.1,1591,121.3,5,4.28
Hyundai i20 Magna Optional 1.4 CRDi,Kolkata,2013,46000,2,0,1,21.9,1396,88.8,5,3.11
Hyundai i20 Sportz AT 1.4,Coimbatore,2014,45051,1,1,1,15,1396,98.6,5,5.96
Volkswagen Vento 2 Highline,Hyderabad,2011,69000,2,0,1,20.54,1598,103.6,5,4.7
Honda City i VTEC VX,Ahmedabad,2014,49000,1,0,1,17.4,1497,117.3,5,6.9
Tata Zest Quadrajet 1.3 75PS XE,Pune,2018,45000,2,0,1,22.95,1248,74,5,5.25
BMW 5 Series 2003-2012 520d,Pune,2015,64000,2,1,1,18.48,1995,177,5,28
Honda Jazz VX,Delhi,2015,62178,1,0,1,18.2,1199,88.7,5,4.85
Volkswagen Jetta 2007-2011 2.0 TDI Comfortline,Coimbatore,2012,58006,2,0,1,15,1896,105,5,6.7
Hyundai i10 Magna 1.2,Hyderabad,2010,74000,1,0,1,20.36,1197,78.9,5,3.1
Mercedes-Benz New C-Class C 220 CDI Avantgarde,Kochi,2015,77771,2,1,1,19.27,2143,170,5,18.64
Hyundai i10 Magna 1.2 iTech SE,Pune,2012,45275,1,0,1,20.36,1197,78.9,5,2.8
Toyota Innova Crysta 2.4 ZX MT,Chennai,2016,48000,2,0,1,13.68,2393,147.8,7,20.25
Audi A6 2011-2015 2.0 TDI Technology,Kochi,2015,31652,2,1,1,17.68,1968,174.33,5,26.78
Toyota Innova 2.5 VX (2) 7 Seater,Hyderabad,2010,109000,2,0,2,12.99,2494,100.6,7,8.26
Volkswagen Polo 1 Trendline 1.2L,Mumbai,2015,31978,1,0,1,16.47,1198,73.9,5,3.89
Honda City i-VTEC CVT ZX,Mumbai,2017,15000,1,1,1,18,1497,117.3,5,12.69
Tata Indigo LX,Coimbatore,2013,59138,2,0,1,17,1405,70,5,2.58
Audi A6 2011-2015 2.0 TDI Premium Plus,Kochi,2014,61726,2,1,1,17.68,1968,174.33,5,20.77
Mercedes-Benz GLA Class 200 CDI SPORT,Delhi,2015,48000,2,1,1,17.9,2143,136,5,20.26
Maruti Celerio VXI AT,Hyderabad,2014,77815,1,1,1,23.1,998,67.04,5,4.25
Mercedes-Benz GLE 250d,Hyderabad,2017,29000,2,1,1,17.9,2143,201.15,5,57
Land Rover Range Rover HSE Dynamic,Delhi,2017,44000,2,1,1,12.7,2179,187.7,5,44
Volkswagen Vento 2 Trendline,Hyderabad,2011,108626,2,0,1,20.54,1598,103.6,5,3.65
Honda Brio 1.2 VX MT,Kochi,2012,91931,1,0,1,18.5,1198,86.8,5,3.13
Tata Indica Vista Aura 1.3 Quadrajet,Pune,2012,91183,2,0,1,18,1248,75,5,2.85
Maruti Wagon R LXI BS IV,Delhi,2012,65000,1,0,1,18.9,998,67.1,5,2.65
Mahindra XUV500 W8 4WD,Hyderabad,2015,88428,2,0,1,16,2179,140,7,10.6
Maruti Ertiga Paseo VXI,Mumbai,2018,18000,1,0,1,16.02,1373,93.7,7,8.25
Honda A ord 2.4 A/T,Mumbai,2011,60000,1,1,1,11.7,2354,177.6,5,4.45
Maruti Swift Dzire VDi,Kolkata,2012,48000,2,0,1,19.3,1248,73.9,5,3.7
Audi A6 2011-2015 2.0 TDI Premium Plus,Kochi,2014,51495,2,1,1,17.68,1968,174.33,5,21.95
BMW 6 Series 640d Gran Coupe,Mumbai,2011,30000,2,1,1,9.52,2993,313,4,49
Audi Q7 45 TDI Quattro Technology,Coimbatore,2017,97430,2,1,1,14.75,2967,245,7,62.67
Hyundai i20 1.4 CRDi Asta,Pune,2012,83000,2,0,1,23,1396,90,5,5.5
Honda Jazz 1.2 V CVT i VTEC,Kochi,2016,28503,1,1,1,19,1199,88.7,5,6.86
Maruti Swift VDI BSIV,Hyderabad,2015,76496,2,0,1,25.2,1248,74,5,6.15
Hyundai i20 Asta 1.2,Pune,2011,79152,1,0,2,18.5,1197,82.85,5,3.3
Volkswagen Polo 1 Comfortline 1.2L,Kolkata,2011,32000,1,0,1,16.47,1198,73.9,5,2.55
Tata Manza ELAN Quadrajet BS IV,Pune,2012,73000,2,0,1,21.12,1248,88.8,5,3.4
Skoda Octavia Ambition Plus 2.0 TDI AT,Kolkata,2013,775000,2,1,1,19.3,1968,141,5,7.5
Hyundai i20 Asta Option 1.2,Coimbatore,2016,24973,1,0,1,18.6,1197,81.83,5,7.66
Maruti Vitara Brezza LDi,Chennai,2016,45000,2,0,1,24.3,1248,88.5,5,7.15
Honda City 1.5 V MT,Delhi,2010,87430,1,0,1,17,1497,118,5,3.5
Tata Indica Vista Aqua 1.3 Quadrajet,Hyderabad,2014,133944,2,0,2,18,1248,75,5,3.5
Honda Amaze S i-Dtech,Kolkata,2013,57000,2,0,1,25.8,1498,98.6,5,3.45
Hyundai EON D Lite Plus,Coimbatore,2016,27904,1,0,1,21.1,814,55.2,5,3.55
BMW 3 Series Luxury Line,Kochi,2015,30717,2,1,2,21.76,1995,190,5,25.99
Hyundai Verna 1.6 SX,Bangalore,2012,80000,2,0,1,22.32,1582,126.32,5,5.25
Tata Manza Club Class Quadrajet90 LS,Ahmedabad,2013,47304,2,0,1,21.02,1248,88.8,5,2.9
Maruti Alto K10 VXI,Pune,2017,30000,1,0,1,24.07,998,67.1,5,3.75
Ford Ecosport 1.5 DV5 MT Titanium Optional,Mumbai,2014,68000,2,0,1,22.7,1498,89.84,5,6.75
Maruti Swift LDI,Delhi,2013,70000,2,0,1,22.9,1248,74,5,3.5
Maruti Swift Dzire VXi AT,Mumbai,2016,18000,1,1,1,18.5,1197,83.14,5,6.2
Nissan Micra 2 XV,Chennai,2011,83000,2,0,1,23.08,1461,63.1,5,2.75
Maruti Swift Dzire Tour LDI,Mumbai,2015,130000,2,0,1,23.4,1248,74,5,3.25
Ford Fiesta Classic 1.4 Duratorq CLXI,Pune,2012,63400,2,0,1,17.8,1399,67,5,3.25
Mini Clubman Cooper S,Pune,2017,8350,1,0,1,13.8,1998,192,5,35
Toyota Etios GD,Kolkata,2014,45000,2,0,1,23.59,1364,67.05,5,3.25
Nissan Teana XV,Mumbai,2015,74000,1,1,2,11.07,2496,179.5,5,8.25
Hyundai Grand i10 AT Asta,Coimbatore,2015,37081,1,1,1,18.9,1197,82,5,5.77
Mercedes-Benz GLA Class 200 CDI,Chennai,2015,38000,2,1,1,17.9,2143,136,5,20
Renault Duster 85PS 2 RxL,Chennai,2015,93000,2,0,2,20.45,1461,83.8,5,7.1
Toyota Corolla Altis D-4D GL,Mumbai,2017,5900,2,0,1,21.43,1364,87.2,5,16.5
Mercedes-Benz New C-Class 220,Chennai,2014,25000,2,0,1,15.8,2148,170,5,26
Maruti Ritz VDi,Hyderabad,2010,68000,2,0,2,21.1,1248,73.9,5,3.2
Honda BRV i-VTEC V CVT,Kochi,2017,35676,1,1,1,16,1497,117.3,7,9.48
Hyundai Xcent 1.1 CRDi Base,Kochi,2015,74310,2,0,1,24.4,1120,71,5,4
Mercedes-Benz E-Class 2009-2013 E250 CDI Avantgarde,Jaipur,2014,59364,2,1,1,14.21,2143,203,5,26.5
Mercedes-Benz B Class B180,Kochi,2014,41380,1,1,2,14.8,1595,120.7,5,11.77
Mercedes-Benz E-Class 2015-2017 E250 Edition E,Bangalore,2017,33900,2,1,1,15,2143,204,5,37
Honda City i VTEC VX Option,Mumbai,2016,28000,1,0,1,17.8,1497,117.3,5,8.75
Honda City 1.5 S MT,Chennai,2011,93982,1,0,1,17,1497,118,5,3.75
Hyundai Verna Transform VTVT,Pune,2010,95000,1,0,1,16.2,1599,103.2,5,2.5
Jaguar XE Portfolio,Mumbai,2017,9000,1,1,1,13.5,1999,246.74,5,34.5
Honda Amaze S i-Vtech,Delhi,2015,52516,1,0,1,18,1198,86.7,5,4.65
Mini Cooper Convertible 1.6,Bangalore,2015,20000,1,1,1,18.86,1598,122,4,32
Mercedes-Benz S Class 2005 2013 S 350 CDI,Coimbatore,2017,56451,2,1,1,13.5,2987,282,5,62.81
Hyundai EON Magna Plus,Chennai,2014,37000,1,0,1,21.1,814,55.2,5,3.25
Maruti Wagon R VXI BS IV,Kolkata,2014,17400,1,0,1,20.51,998,67.04,5,3.1
Maruti Ritz LDi,Coimbatore,2011,90207,2,0,1,21.1,1248,73.9,5,3.91
BMW 3 Series 320d Sedan,Chennai,2011,89616,2,1,1,16.07,1995,181,5,11
Tata Xenon XT EX 4X2,Pune,2014,85000,2,0,1,13.49,2179,138.03,5,3.5
Audi A3 35 TDI Attraction,Chennai,2014,79271,2,1,1,20.38,1968,143,5,16.5
Land Rover Range Rover 2.2L Dynamic,Hyderabad,2012,56000,2,1,1,12.7,2179,187.7,5,30
Mercedes-Benz GL-Class 2007 2012 350 CDI Luxury,Pune,2010,85001,2,1,2,12,2987,224,7,28
Mitsubishi Pajero Sport 4X2 AT DualTone BlackTop,Hyderabad,2018,12000,2,1,1,13.5,2477,175.56,7,28
Maruti Wagon R LXI BSIII,Pune,2013,53000,1,0,1,14,1061,64,5,2.75
Land Rover Range Rover 2.2L Prestige,Coimbatore,2017,34990,2,1,1,12.7,2179,187.7,5,53.83
Hyundai Verna 1.6 SX VTVT,Pune,2011,49768,1,0,2,17.01,1591,121.3,5,4.95
BMW 5 Series 525d Sedan,Hyderabad,2013,56000,2,1,1,16.73,2993,218,5,33.5
Jaguar XF 2,Bangalore,2013,75000,2,1,1,14.74,2993,270.9,5,27.95
Skoda Superb Elegance 1.8 TSI AT,Hyderabad,2010,57000,1,1,1,13.7,1798,157.75,5,7.25
Audi Q3 35 TDI Quattro Premium,Kochi,2017,37542,2,1,1,15.73,1968,174.33,5,25.71
Land Rover Range Rover 2.2L Pure,Coimbatore,2014,95649,2,1,1,12.7,2179,187.7,5,29.67
Mercedes-Benz New C-Class 220 CDI AT,Jaipur,2013,35299,2,1,1,14.84,2143,170,5,19
Mahindra Scorpio S10 4WD,Kochi,2017,28464,2,0,1,15.4,2179,120,7,13.05
BMW 3 Series Luxury Line,Mumbai,2015,41000,2,1,1,21.76,1995,190,5,25.5
Honda BR-V i-VTEC S MT,Pune,2017,9000,1,0,1,15.4,1497,117.3,7,8.5
Volvo S80 2006-2013 D5,Chennai,2010,92098,2,1,2,16,2400,215,5,7.25
Hyundai i20 Active SX 1,Jaipur,2017,40250,1,0,1,17.19,1197,81.86,5,6.9
Mercedes-Benz GLC 43 AMG Coupe,Coimbatore,2018,22397,1,1,1,11.5,2996,367,5,70.99
Hyundai Grand i10 SportZ Edition,Kochi,2018,40322,1,0,1,18.9,1197,81.86,5,5.5
Honda City 1.5 EXI S,Mumbai,2013,52576,1,0,1,13,1493,100,5,4.35
Audi A6 35 TFSI Matrix,Mumbai,2016,47000,1,1,1,15.26,1798,187.74,5,24.5
Hyundai Creta 1.6 SX Plus Dual Tone 1,Coimbatore,2017,23163,1,0,1,15.29,1591,121.3,5,12.03
Mercedes-Benz New C-Class C 200 CGI Avantgarde,Mumbai,2011,50000,1,1,2,11.74,1796,186,5,8.5
Mini Cooper Convertible S,Mumbai,2014,11900,1,1,1,16.82,1998,189.08,4,28.5
Toyota Etios VD,Bangalore,2013,37000,2,0,1,23.59,1364,67.04,5,5.75
Honda Brio S MT,Delhi,2014,30000,1,0,2,19.4,1198,86.8,5,3.2
Maruti Baleno Alpha 1,Coimbatore,2018,12831,1,1,1,21.4,1197,83.1,5,9.89
Skoda Laura Ambiente 2.0 TDI CR AT,Coimbatore,2012,143017,2,1,1,20,1968,138.1,5,6.58
Hyundai EON Era Plus,Kochi,2018,13102,1,0,1,21.1,814,55.2,5,4.06
Renault Captur 1.5 2 RXL,Coimbatore,2019,24950,2,0,1,20.37,1461,108.45,5,13.37
BMW 5 Series 2003-2012 GT 530d LE,Coimbatore,2011,57832,2,1,1,16.2,2993,258,5,25.82
Maruti Alto 800 LXI,Kochi,2016,34267,1,0,1,22.74,796,47.3,5,3.74
Volvo V40 D3,Bangalore,2015,33000,2,1,2,16.8,1984,150,5,22
Maruti Eeco 5 STR With AC Plus HTR 3,Kochi,2017,31841,3,0,1,15.1,1196,73,5,4.7
Chevrolet Enjoy 1.4 LS 8,Kolkata,2014,15000,1,0,1,13.7,1399,98.79,8,3.75
Mahindra Bolero ZLX,Coimbatore,2016,82756,2,0,1,15.96,2523,62.1,7,7.7
Hyundai EON D Lite,Hyderabad,2014,20600,1,0,1,21.1,814,55.2,5,2.6
Hyundai Creta 1.6 SX Plus 1 1,Coimbatore,2017,29952,1,1,1,13,1591,121.3,5,13.77
Volkswagen Vento 1.6 Comfortline,Mumbai,2017,15000,1,0,2,16.09,1598,103.5,5,7.1
Tata Indica Vista Quadrajet LS,Hyderabad,2014,67000,2,0,1,22.3,1248,74,5,2.5
Mahindra XUV500 W8 2WD,Kochi,2013,61672,2,0,1,16,2179,140,7,7.53
Hyundai i20 1.2 Asta Option,Coimbatore,2017,26185,1,0,1,18.6,1197,81.83,5,7.98
Audi Q5 30 TDI quattro Premium Plus,Bangalore,2014,38000,2,1,2,14.16,1968,174.3,5,39
Mitsubishi Cedia Sports,Chennai,2010,66000,1,0,2,13.17,1999,114,5,3.85
Toyota Innova 2.5 V 2 7-seater,Hyderabad,2015,80883,2,0,1,12.8,2494,102,7,13.5
Maruti Celerio LDi,Hyderabad,2016,80219,2,0,1,27.62,793,47,5,3.5
Maruti S-Cross Delta DDiS 200 SH,Delhi,2018,12923,2,0,1,25.1,1248,88.5,5,8.92
Audi Q3 35 TDI Quattro Premium Plus,Coimbatore,2016,86642,2,1,1,15.17,1968,181,5,20.37
BMW 3 Series Luxury Line,Bangalore,2016,19235,2,1,1,21.76,1995,190,5,36.5
Audi Q7 4.2 TDI Quattro Technology,Coimbatore,2016,51002,2,1,1,11.33,4134,335.2,7,48.91
Hyundai i20 2015-2017 Asta 1.2,Pune,2016,6800,1,0,1,18.6,1197,81.83,5,7.2
Renault Duster 110PS 2 RxL,Hyderabad,2012,82749,2,0,1,19.01,1461,108.45,5,5.99
Hyundai Xcent 1.1 CRDi S Celebration Edition,Pune,2016,51000,2,0,1,24.4,1120,71,5,5.25
Ford Ecosport 1.5 DV5 MT Titanium,Delhi,2014,31465,2,0,1,22.7,1498,89.84,5,6.5
Volkswagen Polo 1 Trendline 1.2L,Hyderabad,2013,76476,1,0,1,16.47,1198,73.9,5,4.4
Hyundai Grand i10 CRDi Magna,Kolkata,2017,14000,2,0,1,24,1120,70,5,4.6
Tata Manza Aqua Quadrajet BS IV,Ahmedabad,2013,47000,2,0,1,21.12,1248,88.8,5,2.95
Honda City 1.5 V MT,Kolkata,2011,48466,1,0,1,17,1497,118,5,3.26
Toyota Innova 2.5 VX (2) 7 Seater,Hyderabad,2012,162663,2,0,1,12.99,2494,100,7,10.5
Maruti Ciaz 1.3 S,Coimbatore,2017,25142,2,0,1,28.09,1248,88.5,5,8.26
Toyota Fortuner 4x4 MT TRD Sportivo,Delhi,2013,69000,2,0,1,12.55,2982,169,7,14.45
Mercedes-Benz E-Class E 220 d,Kochi,2018,26405,1,1,1,12.6,1950,191.34,5,51.43
Mercedes-Benz New C-Class 220 CDI MT,Chennai,2014,45000,2,0,1,15.8,2148,170,5,23
Skoda Yeti Ambition 4X2,Kolkata,2012,64284,2,0,1,17.72,1968,108.49,5,5.5
Hyundai Grand i10 Sportz,Delhi,2015,27000,1,0,1,18.9,1197,82,5,4.5
Ford Figo 2015-2019 1.2P Titanium MT,Hyderabad,2018,3678,1,0,1,18.16,1196,86.8,5,6.8
Skoda Octavia Ambition 1.4 TSI MT,Mumbai,2013,21000,1,0,1,16.8,1395,138.02,5,8.75
Renault Duster 85PS 2 RxL Option,Mumbai,2015,67000,2,0,2,19.87,1461,83.8,5,7
Land Rover Range Rover Evoque 2.0 TD4 Pure,Delhi,2015,24000,2,1,2,15.68,1999,177,5,33.5
Toyota Fortuner 4x4 MT,Coimbatore,2017,47198,2,0,1,12.55,2982,168.5,7,28.42
Volkswagen Polo 2 Comfortline 1.2L,Kolkata,2012,52000,2,0,1,22.07,1199,73.9,5,2.75
Maruti Ritz VDi,Jaipur,2011,91000,2,0,1,23.2,1248,73.94,5,3
Nissan Micra 2 XV Premium,Pune,2013,60000,2,0,1,23.08,1461,63.1,5,3.55
Hyundai Verna 1.6 SX,Kolkata,2013,37873,2,0,1,22.32,1582,126.32,5,4.8
BMW 5 Series 2003-2012 523i,Kolkata,2011,31000,1,1,1,10.8,2497,150,5,13.5
Mercedes-Benz GLS 350d 4MATIC,Pune,2017,129000,2,1,1,11,2987,258,7,56
Hyundai Creta 1.6 CRDi AT SX Plus,Bangalore,2016,32000,2,1,1,17.01,1582,126.2,5,15.5
Mercedes-Benz A Class A200 CDI Sport,Kochi,2016,35437,2,1,1,20,2143,136,5,18.58
Maruti Ertiga VXI,Jaipur,2014,98000,1,0,1,16.02,1373,93.7,7,5.5
Honda Amaze VX i-Vtech,Pune,2015,79000,1,0,1,18,1198,86.7,5,4
Maruti SX4 ZXI MT BSIV,Kochi,2013,66012,1,0,1,15.5,1586,103.3,5,4.15
Honda Brio VX AT,Mumbai,2014,35000,1,1,1,16.5,1198,86.8,5,4.25
Maruti Wagon R VXI,Ahmedabad,2011,75000,1,0,1,18.9,998,67.1,5,2.6
Chevrolet Beat LS,Kochi,2012,32717,1,0,1,18.6,1199,79.4,5,2.55
Toyota Fortuner 4x4 AT,Delhi,2017,25000,2,1,1,12.55,2982,168.5,7,32
Ford Ecosport 1.5 DV5 MT Titanium Optional,Mumbai,2014,79000,2,0,1,22.7,1498,89.84,5,6.25
Maruti Swift Vdi BSIII,Hyderabad,2010,86000,2,0,2,17.8,1248,75,5,3.6
Mercedes-Benz S Class 2005 2013 S 350 CDI,Pune,2010,137000,2,1,1,13.5,2987,282,5,18.5
Honda Mobilio S i VTEC,Mumbai,2015,25000,1,0,2,17.3,1497,117.3,7,4.25
Hyundai Grand i10 Sportz,Mumbai,2017,8500,1,0,2,18.9,1197,82,5,4.8
Mahindra XUV500 AT W8 FWD,Bangalore,2015,34000,2,1,1,16,2179,140,7,13
Hyundai Creta 1.6 SX Plus Dual Tone 1,Kochi,2019,8587,1,0,1,15.29,1591,121.3,5,13.56
Mahindra Scorpio 1.99 S8,Delhi,2017,30000,2,0,1,15.4,1997,120,7,12.25
Skoda Rapid 1.6 TDI Ambition,Pune,2013,64186,2,0,1,20.5,1598,103.5,5,3.76
Renault Duster 110PS 2 RxZ,Coimbatore,2015,76427,2,0,1,19.01,1461,108.45,5,8.58
BMW X5 xDrive 30d,Hyderabad,2011,75000,2,1,1,11.7,2993,245,5,27.5
Toyota Etios G,Coimbatore,2013,27075,1,0,1,17.6,1496,88.73,5,4.95
Maruti Wagon R LXI,Ahmedabad,2012,30000,1,0,1,22.5,998,67.04,5,3.3
Hyundai Creta 1.6 SX,Chennai,2016,69434,1,0,1,15.8,1591,121.3,5,8
Maruti Celerio VXI,Jaipur,2014,56000,1,0,1,23.1,998,67.04,5,2.79
Land Rover Range Rover HSE Dynamic,Coimbatore,2017,49275,2,1,1,12.7,2179,187.7,5,45.64
Chevrolet Beat LT,Pune,2014,8700,1,0,1,18.6,1199,76.8,5,2.55
Audi A6 2011-2015 35 TDI Technology,Coimbatore,2017,41041,2,1,1,17.68,1968,174.33,5,37.56
Maruti Swift VXI,Kochi,2019,20667,1,0,1,22,1197,81.8,5,6.37
Fiat Linea T Jet,Coimbatore,2013,60283,1,0,1,14.6,1368,112,5,2.98
Maruti Swift VXI Optional,Kochi,2017,31696,1,0,1,20.4,1197,81.8,5,5.75
Toyota Fortuner 3.0 2,Hyderabad,2010,100000,2,0,1,11.5,2982,171,7,13
Maruti Ertiga ZXI,Mumbai,2014,13361,1,0,1,16.02,1373,93.7,7,6.8
BMW 3 Series 320i Sedan,Coimbatore,2010,48394,1,1,1,12.05,1995,154,5,10.49
Maruti Ertiga VXI,Jaipur,2014,47399,1,0,1,16.02,1373,93.7,7,5.6
Honda City 1.5 V AT,Mumbai,2010,69000,1,1,2,16.8,1497,118,5,2.85
Hyundai Santa Fe 4X4,Coimbatore,2013,65278,2,0,1,14.66,2199,194.3,7,8.36
Mercedes-Benz E-Class 2009-2013 E 250 Elegance,Kolkata,2010,50645,1,1,2,10.93,2497,204,5,10.75
Maruti Swift Dzire LDi,Hyderabad,2011,130002,2,0,1,19.3,1248,73.9,5,3.85
Ford Fiesta Classic 1.4 Duratorq CLXI,Hyderabad,2012,107000,2,0,1,17.8,1399,67,5,3
Honda City i VTEC CVT VX,Coimbatore,2015,41950,1,1,1,18,1497,117.3,5,9.6
Toyota Fortuner 4x2 0,Delhi,2012,109000,2,0,1,13,2982,168.5,7,13.25
Honda Amaze VX O i VTEC,Mumbai,2016,9000,1,0,1,18,1198,86.7,5,5.75
Hyundai i20 Asta 1.4 CRDi,Delhi,2014,43900,2,0,1,22.54,1396,88.73,5,6.75
Chevrolet Enjoy TCDi LTZ 7 Seater,Bangalore,2013,64000,2,0,2,18.2,1248,73.8,7,4.85
Toyota Innova 2.5 VX (2) 7 Seater,Mumbai,2012,55000,2,0,1,12.99,2494,100,7,9.51
BMW 5 Series 2003-2012 520d,Ahmedabad,2012,59900,2,1,2,18.48,1995,177,5,18.5
Renault Duster 110PS 2 RxZ,Delhi,2015,73539,2,0,1,19.01,1461,108.45,5,6.75
BMW X1 sDrive 20d xLine,Coimbatore,2017,31645,2,1,1,20.68,1995,190,5,29.4
Maruti Ciaz RS ZDi Plus SHVS,Delhi,2016,41000,2,0,1,28.09,1248,88.5,5,9.5
Mahindra XUV500 W6 2WD,Pune,2012,80000,2,0,1,15.1,2179,140,7,6.5
Maruti Ertiga ZDI,Pune,2013,105000,2,0,2,25.47,1248,88.5,7,6.75
Toyota Etios Liva GD,Chennai,2013,179000,2,0,1,23.59,1364,67.04,5,3.8
Audi TT 2.0 TFSI,Delhi,2013,12100,1,1,1,9.9,1984,207.8,2,29.5
Skoda Rapid 1.5 TDI Style,Hyderabad,2017,31000,2,0,1,21.13,1498,108.4,5,10.5
Volkswagen Polo 1.5 TDI Highline,Hyderabad,2015,50000,2,0,1,20.14,1498,88.8,5,6.2
Toyota Innova Crysta 2.8 GX AT,Ahmedabad,2016,100200,2,1,1,11.36,2755,171.5,7,17
BMW 3 Series 320d Luxury Line,Bangalore,2014,47000,2,1,1,18.88,1995,184,5,25.5
Honda Jazz 1.5 S i DTEC,Jaipur,2015,63642,2,0,1,27.3,1498,98.6,5,5.65
Honda Amaze VX i-DTEC,Kochi,2015,62550,2,0,1,25.8,1498,98.6,5,5.6
Jaguar XF 2.2 Litre Luxury,Kochi,2015,37340,2,1,1,16.36,2179,187.7,5,29.98
Maruti Swift Dzire VDI,Coimbatore,2016,38461,2,0,1,26.59,1248,74,5,7.39
Jeep Compass 2.0 Limited,Jaipur,2018,29000,2,0,1,17.1,1956,170,5,19
Toyota Corolla Altis 1.8 Sport,Pune,2010,31000,1,0,1,12.5,1794,132,5,5
Honda City 1.5 V MT,Kolkata,2011,42086,1,0,1,17,1497,118,5,3.35
Maruti Swift ZXI,Chennai,2013,49000,1,0,1,18.6,1197,85.8,5,4.45
Hyundai Verna 1.6 SX CRDI (O) AT,Coimbatore,2019,77240,2,1,1,22.32,1582,126.32,5,8.31
Mahindra Bolero ZLX,Jaipur,2012,105000,2,0,2,15.96,2523,62.1,7,6
Maruti Swift VDI,Chennai,2014,35000,2,0,1,22.9,1248,74,5,5.25
Audi A6 2011-2015 2.0 TDI Premium Plus,Hyderabad,2012,202082,2,1,1,17.68,1968,174.33,5,12.3
Volkswagen Polo 1.5 TDI Highline,Coimbatore,2018,33558,2,0,1,20.14,1498,88,5,8.12
Mahindra Bolero VLX CRDe,Coimbatore,2012,60271,2,0,1,13.6,2523,63,7,6.12
Honda City i DTEC VX Option,Coimbatore,2017,45366,2,0,1,25.1,1498,98.6,5,10.88
Chevrolet Sail Hatchback 1.2 LS,Kolkata,2014,9500,1,0,1,18.2,1199,82.5,5,3.5
Hyundai i20 1.2 Spotz,Kochi,2016,42362,1,0,1,18.6,1197,81.83,5,6.15
BMW X1 sDrive 20d Sportline,Chennai,2016,21000,2,1,1,17.05,1995,184,5,33
BMW X1 sDrive 20d Exclusive,Mumbai,2012,15200,2,1,1,15.06,1995,177,5,13.5
Toyota Fortuner 4x2 AT,Mumbai,2015,43690,2,1,1,12.55,2982,168.5,7,17.11
Audi Q7 4.2 TDI Quattro Technology,Kochi,2014,79926,2,1,1,11.33,4134,335.2,7,29.77
Maruti Ertiga VDI,Kolkata,2013,53073,2,0,1,20.77,1248,88.76,7,5.95
Renault Duster 85PS 2 RxL,Ahmedabad,2014,55000,2,0,1,20.45,1461,83.8,5,4.75
Mahindra Quanto C2,Hyderabad,2013,80430,2,0,2,17.21,1493,100,7,3.3
Toyota Fortuner 4x2 AT,Delhi,2013,71932,2,1,1,12.55,2982,168.5,7,16.5
BMW X5 2014-2019 xDrive 30d Design Pure Experience 7 Seater,Mumbai,2014,19000,2,1,1,15.97,2993,258,7,44
Maruti Swift Dzire VDi,Hyderabad,2011,81759,2,0,1,19.3,1248,73.9,5,4.39
Maruti Swift LDI Optional,Kochi,2018,52010,2,0,1,25.2,1248,74,5,6.2
Audi A6 2011-2015 35 TFSI Technology,Kochi,2016,58953,1,1,1,13.53,1984,177.01,5,24.22
Jaguar XF 2.2 Litre Executive,Delhi,2016,10000,2,1,1,16.36,2179,187.7,5,44
Toyota Innova Crysta 2.8 ZX AT,Coimbatore,2019,40674,2,1,1,11.36,2755,171.5,7,24.82
Skoda Octavia Ambition 2.0 TDI AT,Mumbai,2015,50000,2,1,1,19.3,1968,141,5,11.69
Toyota Corolla Altis VL AT,Bangalore,2018,1331,1,1,1,14.28,1798,138.03,5,20
Mercedes-Benz GLC 220d 4MATIC Style,Mumbai,2018,10003,2,1,1,17.9,2143,170,5,48.5
Volkswagen Vento 1.5 TDI Highline AT,Mumbai,2016,25000,2,1,1,21.5,1498,108.5,5,9.45
Mahindra XUV500 W10 2WD,Ahmedabad,2015,73000,2,0,1,16,2179,140,7,12.5
Nissan Terrano XL 85 PS,Hyderabad,2014,59962,2,0,1,20.45,1461,83.8,5,6.9
Hyundai Verna 1.6 SX CRDi (O),Jaipur,2012,72000,2,0,2,22.32,1582,126.32,5,5.8
BMW 5 Series 2013-2017 530d M Sport,Coimbatore,2016,20967,2,1,1,14.69,2993,258,5,44.56
Mahindra Scorpio S4 Plus,Bangalore,2015,35000,2,0,2,15.4,2179,120,7,8.5
Hyundai Verna 1.6 CRDi SX,Coimbatore,2017,38056,2,0,1,23.9,1582,126.2,5,10.7
Hyundai Xcent 1.2 Kappa S,Mumbai,2014,7400,1,0,1,19.1,1197,82,5,4.35
Toyota Innova Crysta 2.4 GX MT 8S,Hyderabad,2017,52000,2,0,1,13.68,2393,147.8,8,17.5
Hyundai EON Era Plus,Hyderabad,2015,68764,1,0,1,21.1,814,55.2,5,2.9
Volkswagen Polo 2 Comfortline 1.2L,Delhi,2013,64000,2,0,1,22.07,1199,73.9,5,2.9
Maruti Vitara Brezza ZDi,Pune,2016,21558,2,0,1,24.3,1248,88.5,5,8.9
BMW 3 Series 320d Prestige,Mumbai,2013,37500,2,1,1,18.88,1995,184,5,16.75
Hyundai EON Sportz,Coimbatore,2016,14077,1,0,1,21.1,814,55.2,5,3.95
Honda A ord 2.4 MT,Kochi,2011,54316,1,0,2,12.8,2354,177.6,5,4.29
Honda City V MT,Pune,2013,127000,1,0,2,16.8,1497,116.3,5,4.5
Mahindra XUV500 W10 2WD,Kochi,2016,51884,2,0,1,16,2179,140,7,12.46
Hyundai i20 Asta 1.4 CRDi,Delhi,2014,67407,2,0,1,21.27,1396,88.76,5,4.65
Mini Cooper 5 DOOR D,Mumbai,2016,11000,2,1,1,20.7,1496,113.98,5,29.5
Audi Q3 35 TDI Quattro Premium,Hyderabad,2015,61000,2,1,1,15.73,1968,174.33,5,25
Hyundai i20 Sportz Option,Delhi,2013,48454,1,0,2,17,1197,80,5,3.5
Tata Safari Storme VX Varicor 400,Jaipur,2017,37000,2,0,1,14.1,2179,154,7,11.25
Honda BR-V i-DTEC VX MT,Kochi,2017,32249,2,0,1,21.9,1498,98.6,7,10.79
Volkswagen Jetta 2013-2015 2.0L TDI Highline,Kolkata,2013,58000,2,0,1,19.33,1968,138.03,5,5.9
Hyundai Xcent 1.2 Kappa S Option,Jaipur,2017,28360,1,0,1,19.1,1197,81.86,5,5.12
Maruti Ignis 1.2 Alpha,Mumbai,2017,7000,1,0,1,20.89,1197,81.8,5,5.7
BMW 5 Series 2013-2017 520d Luxury Line,Coimbatore,2016,19658,2,1,1,18.12,1995,190,5,35.84
Hyundai i10 Sportz,Kolkata,2013,25000,1,0,1,20.36,1197,78.9,5,2.65
Hyundai Verna 1.6 CRDI,Coimbatore,2016,37882,2,0,1,22.32,1582,126.3,5,9.19
BMW 3 Series 320d Highline,Bangalore,2014,69330,2,1,1,16.07,1995,181,5,23.5
Mercedes-Benz E-Class 2009-2013 E200 CGI Blue Efficiency,Delhi,2011,61000,1,1,1,12.3,1796,185,5,12.5
Mahindra XUV500 W8 2WD,Delhi,2012,72450,2,0,1,15.1,2179,140,7,8.1
Maruti Ciaz ZDi Plus SHVS,Jaipur,2017,36381,2,0,1,28.09,1248,88.5,5,9.75
Mercedes-Benz New C-Class C 250 CDI Avantgarde,Coimbatore,2017,25559,2,1,1,19.71,2143,201.15,5,37.93
Toyota Fortuner 4x2 4 Speed AT,Jaipur,2015,94000,2,1,1,11.5,2982,169,7,20.5
Maruti Alto K10 VXI,Bangalore,2011,64357,1,0,1,24.07,998,67.1,5,2.75
Jaguar XJ 2.0L Portfolio,Mumbai,2017,10501,1,1,1,9.43,1999,237.4,5,75
Honda BRV i-VTEC V CVT,Mumbai,2017,18000,1,1,1,16,1497,117.3,7,9.25
Audi A6 2011-2015 2.0 TDI Premium Plus,Coimbatore,2014,49964,2,1,1,17.68,1968,174.33,5,23.89
Toyota Innova 2.5 ZX 2 7 Seater BSIII,Mumbai,2014,35000,2,0,1,12.99,2494,100.6,7,12.75
Hyundai Grand i10 CRDi Sportz,Jaipur,2014,64000,2,0,1,24,1120,70,5,4.15
Volkswagen Vento IPL II 1 Highline AT,Mumbai,2013,36000,1,1,1,14.8,1598,105,5,4.65
Toyota Innova 2.5 VX (2) 7 Seater BS IV,Delhi,2012,78600,2,0,1,12.8,2494,102,7,8.9
Maruti Ritz VDi,Pune,2015,65000,2,0,2,23.2,1248,73.94,5,3.27
Hyundai i20 Asta Option 1.2,Pune,2016,21000,1,0,1,18.6,1197,81.83,5,6.3
Maruti Vitara Brezza ZDi Plus Dual Tone,Coimbatore,2017,18108,2,0,1,24.3,1248,88.5,5,11.31
Honda City i VTEC S,Pune,2014,58407,1,0,1,17.4,1497,117.3,5,6.16
Maruti Ciaz ZXi,Pune,2014,49500,1,0,1,20.73,1373,91.1,5,6
Nissan Sunny XV CVT,Kochi,2013,37199,1,1,1,17.5,1498,99.6,5,5.43
Volkswagen Polo 2 Highline 1.2L,Hyderabad,2012,62000,2,0,1,22.07,1199,73.9,5,4.65
Maruti Ertiga ZDI,Hyderabad,2015,59000,2,0,1,20.77,1248,88.8,7,7.5
Maruti Swift Dzire VDI,Jaipur,2015,60000,2,0,1,26.59,1248,74,5,6.25
Honda Brio S MT,Mumbai,2013,17003,1,0,1,19.4,1198,86.8,5,3.15
Hyundai Verna 1.6 SX CRDi (O),Jaipur,2012,75200,2,0,1,22.32,1582,126.32,5,5.25
Maruti Ciaz VDI SHVS,Kochi,2017,41217,2,0,1,28.09,1248,88.5,5,7.4
Volkswagen Polo 1.2 MPI Highline,Pune,2017,54000,1,0,2,16.2,1199,74,5,6
Honda Jazz 1.2 V i VTEC,Chennai,2016,17377,1,0,1,18.7,1199,88.7,5,5.9
Honda Amaze EX i-Dtech,Bangalore,2013,33800,2,0,2,25.8,1498,98.6,5,4.7
Hyundai i20 Asta 1.4 CRDi,Hyderabad,2015,86157,2,0,1,22.54,1396,88.73,5,6.5
Maruti Ritz VDi,Hyderabad,2012,146824,2,0,1,21.1,1248,73.9,5,3.55
Honda City V MT,Chennai,2014,55000,1,0,1,16.8,1497,116.3,5,7.1
Skoda Superb 1.8 TSI MT,Hyderabad,2010,53293,1,0,1,13.14,1798,160,5,6
Maruti Vitara Brezza LDi Option,Pune,2017,38000,2,0,1,24.3,1248,88.5,5,7.99
Maruti Alto K10 VXI AGS,Hyderabad,2017,25058,1,1,1,24.07,998,67.1,5,3.95
Hyundai EON Era Plus,Kochi,2016,36700,1,0,1,21.1,814,55.2,5,4.38
Hyundai i10 Sportz,Mumbai,2011,35000,1,0,1,20.36,1197,78.9,5,2.75
Mercedes-Benz SLK-Class SLK 350,Coimbatore,2016,22732,1,1,1,18.1,3498,306,2,55.54
Audi A6 2.0 TDI Design Edition,Hyderabad,2014,48000,2,1,1,18.53,1968,187.74,5,29
Ford EcoSport 1.5 TDCi Titanium,Bangalore,2013,62084,2,0,1,22.77,1498,98.59,5,6.6
Volkswagen Passat Highline DSG,Kolkata,2012,39273,2,1,1,14.3,1968,140,5,6.99
Toyota Innova Crysta 2.4 ZX MT,Bangalore,2017,64798,2,0,1,13.68,2393,147.8,7,18.75
Maruti Ritz LXi,Coimbatore,2013,57717,1,0,1,18.5,1197,85.8,5,4.31
Land Rover Freelander 2 SE,Chennai,2011,109000,2,1,1,12.39,2179,147.51,5,16.5
Hyundai Grand i10 Asta,Coimbatore,2017,74515,1,0,1,18.9,1197,82,5,5.64
Ford Endeavour 3.2 Trend AT 4X4,Coimbatore,2017,50484,2,1,1,10.91,3198,197.2,7,31.12
Audi Q5 2008-2012 2.0 TDI,Kochi,2013,13452,2,1,1,12.8,1968,167.6,5,25.46
Hyundai Verna 1.6 VTVT,Kochi,2017,37688,1,0,1,17.01,1591,121.3,5,7.88
Mercedes-Benz E-Class 2015-2017 E250 CDI Avantgarde,Chennai,2017,34000,2,1,1,13,2143,204,5,36
Mercedes-Benz M-Class ML 350 4Matic,Pune,2014,120000,2,1,1,0,2987,165,5,30
Honda City 1.3 EXI S,Delhi,2011,100000,1,0,1,13,1343,90,5,3.5
Renault Duster 85PS 2 RxL Optional,Jaipur,2014,75000,2,0,1,20.46,1461,83.8,5,7.5
Mercedes-Benz New C-Class 220 CDI AT,Hyderabad,2012,86000,2,1,1,14.84,2143,170,5,19
BMW X5 xDrive 30d Design Pure Experience 5 Seater,Hyderabad,2015,69000,2,1,1,15.97,2993,258,5,54
Hyundai Xcent 1.2 Kappa SX Option,Kochi,2015,41721,1,0,1,19.1,1197,82,5,4.7
Maruti Dzire AMT ZXI Plus,Hyderabad,2017,13000,1,1,1,22,1197,81.8,5,8.5
BMW 3 Series 320d Corporate Edition,Kolkata,2013,38998,2,1,1,16.07,1995,181,4,17
Maruti Alto 800 LXI,Kochi,2017,54250,1,0,1,22.74,796,47.3,5,3.51
Audi A4 2.0 TDI 177   Premium Plus,Bangalore,2013,45979,2,1,2,17.11,1968,174.33,5,19.5
Mini Cooper S,Pune,2012,37000,1,1,2,13.6,1598,181,4,17
Audi Q7 3.0 TDI Quattro Premium Plus,Coimbatore,2015,46983,2,1,2,12.07,2967,241.4,7,43.35
Chevrolet Beat 2 LT,Bangalore,2012,40700,2,0,1,25.44,936,57.6,5,2.65
Maruti Wagon R LXI BS IV,Kochi,2015,43828,1,0,1,20.51,998,67.04,5,3.52
Nissan Terrano XV Premium 110 PS,Kolkata,2016,53000,2,0,1,19.01,1461,108.5,5,6.25
BMW 3 Series 320d Luxury Plus,Ahmedabad,2015,100000,2,1,1,18.88,1995,184,5,24.75
Maruti Swift Dzire VXI,Mumbai,2015,19000,1,0,1,20.85,1197,83.14,5,5.25
Skoda Yeti Elegance 4X2,Jaipur,2016,84000,2,0,1,17.72,1968,108.5,5,11
Ford EcoSport 1.5 Ti VCT AT Titanium,Kochi,2018,37630,1,1,1,15.63,1499,110.4,5,9.1
Hyundai i20 1.2 Magna,Chennai,2010,67714,1,0,1,18.5,1197,80,5,3.25
Maruti S Cross DDiS 200 Sigma Option,Pune,2017,32000,2,0,1,15,1248,88.5,5,8.5
Hyundai Verna Transform VTVT,Pune,2010,51000,1,0,1,16.2,1599,103.2,5,3.1
BMW 3 Series 320d Luxury Line,Kochi,2015,58390,2,1,1,18.88,1995,184,5,19.86
Hyundai Grand i10 1.2 CRDi Magna,Kolkata,2017,14000,2,0,1,24,1186,73.97,5,4.9
Honda City i-VTEC V,Delhi,2014,55818,1,0,2,17.4,1497,117.3,5,5.7
Maruti Swift VDI BSIV,Kolkata,2012,52241,2,0,1,25.2,1248,74,5,2.9
Maruti Baleno Zeta 1.3,Coimbatore,2018,25433,2,0,1,27.39,1248,74,5,7.83
Tata Safari Storme 2012-2015 LX,Kochi,2015,40611,2,0,1,14,2179,138.1,7,8.15
Maruti Swift LDI SP Limited Edition,Hyderabad,2016,54631,2,0,1,25.2,1248,74,5,6.25
Tata Nano XTA,Coimbatore,2016,24941,1,1,1,21.9,624,37.48,4,3.19
Maruti Ertiga VDI,Ahmedabad,2017,63939,2,0,1,25.47,1248,88.5,7,7.75
Maruti Celerio VXI AMT,Delhi,2014,35214,1,1,2,23.1,998,67.04,5,3.2
Maruti Swift VDI BSIV,Delhi,2015,63000,2,0,1,25.2,1248,74,5,4.9
Volkswagen Vento 1 Highline,Kochi,2012,121377,1,0,1,15.04,1598,103.6,5,3.8
Mini Cooper 5 DOOR D,Hyderabad,2014,60000,2,1,2,20.7,1496,113.98,5,23.5
Honda City i-VTEC CVT VX,Bangalore,2015,18955,1,1,1,18,1497,117.3,5,10.65
Jaguar XF 2.2 Litre Luxury,Coimbatore,2016,47877,2,1,1,16.36,2179,187.7,5,35.68
Mercedes-Benz E-Class 2015-2017 E250 Edition E,Kochi,2017,43368,2,1,1,15,2143,204,5,31.94
Chevrolet Cruze LTZ,Chennai,2011,73000,2,0,3,18.3,1991,147.9,5,4.2
Mahindra XUV500 W8 2WD,Ahmedabad,2015,72007,2,0,1,15.1,2179,140,7,9.9
Mercedes-Benz New C-Class C 200 CGI Avantgarde,Kochi,2014,56778,1,1,1,11.74,1796,186,5,15.46
Honda Jazz VX,Kochi,2018,20024,1,0,1,18.2,1199,88.7,5,8.46
Toyota Etios G,Kolkata,2013,42103,1,0,1,16.78,1496,88.73,5,3.25
Maruti Alto LXi BSIII,Hyderabad,2012,67147,1,0,1,19.7,796,46.3,5,2.6
Maruti Swift VXI BSIV,Coimbatore,2016,37806,1,0,1,20.4,1197,81.8,5,5.2
Ford Figo Titanium 2,Kolkata,2015,72035,2,0,1,25.5,1498,99,5,2.5
Fiat Linea Emotion,Jaipur,2011,48500,1,0,1,16,1368,90,5,2.5
Ford Figo Aspire 1.2 Ti-VCT Trend,Coimbatore,2017,28854,1,0,1,18.16,1196,86.8,5,6.7
BMW 3 Series 320d Luxury Line,Coimbatore,2016,14351,2,1,1,18.88,1995,184,5,35.55
Chevrolet Cruze LTZ,Jaipur,2017,51087,2,0,1,17.9,1998,163.7,5,7.75
Chevrolet Cruze LTZ AT,Ahmedabad,2011,60000,2,1,1,18.1,1991,147.9,4,3.8
Toyota Innova 2.5 V 2 8-seater,Chennai,2016,50000,2,0,1,12.8,2494,102,8,15.65
Mercedes-Benz New C-Class C 220d Avantgarde Edition C,Coimbatore,2018,36797,2,1,1,19.27,2143,167.62,5,39.47
Toyota Innova 2.5 GX (2) 8 Seater BS IV,Ahmedabad,2013,94000,2,0,1,12.8,2494,102,8,8.85
Toyota Fortuner 4x4 MT,Bangalore,2013,74000,2,0,2,12.55,2982,168.5,7,17.9
Hyundai i10 Sportz AT,Coimbatore,2014,41016,1,1,2,16.95,1197,78.9,5,5.08
Hyundai Verna 1.6 SX,Bangalore,2012,67000,2,0,1,22.32,1582,126.32,5,6.25
Audi Q3 2012-2015 35 TDI Quattro Premium Plus,Bangalore,2015,76927,2,1,1,15.73,1968,174.33,5,22.75
Ford Figo 2 EXI,Coimbatore,2014,74980,2,0,1,20,1399,68,5,4.08
Maruti Celerio VXI AT,Hyderabad,2014,44600,1,1,1,23.1,998,67.04,5,4.55
Mercedes-Benz A Class A180 CDI,Mumbai,2013,37000,2,1,1,20,2143,107.3,5,14
Hyundai Creta 1.6 SX,Ahmedabad,2016,21000,1,0,1,15.8,1591,121.3,5,10.9
Mercedes-Benz E-Class 2009-2013 E 220 CDI Avantgarde,Delhi,2013,70000,2,1,1,10,2148,170,5,15.8
Ford EcoSport 1.5 Ti VCT MT Titanium BE,Mumbai,2017,4018,1,0,1,18.88,1499,110.4,5,8.25
Renault Koleos 2.0 2,Delhi,2013,70000,2,1,2,13.73,1995,148,5,8.5
Mahindra XUV500 W10 2WD,Coimbatore,2016,56532,2,0,1,16,2179,140,7,15.54
Maruti Wagon R VXI,Coimbatore,2015,72599,1,0,1,22.5,998,67.04,5,4.32
Hyundai Verna 1.6 SX,Hyderabad,2011,98000,2,0,2,22.32,1582,126.32,5,5.2
Hyundai i20 Magna 1.2,Mumbai,2018,19500,1,0,1,18.6,1197,81.83,5,5.85
Maruti Ertiga ZXI,Bangalore,2013,68000,1,0,2,16.02,1373,93.7,7,6.25
Mahindra XUV500 W9 AT,Coimbatore,2019,19654,2,1,1,14,2179,155,7,17.63
Maruti SX4 S Cross DDiS 200 Zeta,Mumbai,2017,26000,2,0,1,23.65,1248,88.5,5,9.75
Mercedes-Benz SLK-Class SLK 350,Bangalore,2015,10000,1,1,1,18.1,3498,306,2,55
Volkswagen Polo 2 Comfortline 1.2L,Hyderabad,2011,75020,2,0,1,22.07,1199,73.9,5,4.1
Toyota Fortuner 4x4 MT,Hyderabad,2011,157000,2,0,1,12.55,2982,168.5,7,11.99
Mahindra XUV500 W10 2WD,Kochi,2017,43773,2,0,1,16,2179,140,7,13.54
Mercedes-Benz GLE 250d,Mumbai,2016,21000,2,1,1,17.9,2143,201.15,5,56
Honda Jazz 1.2 VX i VTEC,Chennai,2016,23280,1,0,1,18.7,1199,88.7,5,6.5
Maruti Swift Dzire VDI,Pune,2013,88000,2,0,1,23.4,1248,74,5,4.75
Hyundai Verna 1.6 SX VTVT,Hyderabad,2014,67000,1,0,1,17.01,1591,121.3,5,5.6
Ford Endeavour 3.2 Titanium AT 4X4,Coimbatore,2017,59636,2,1,1,10.91,3198,197,7,29.2
Hyundai i20 1.2 Asta Option,Kolkata,2018,11000,1,0,1,18.6,1197,81.83,5,6.35
Honda City 1.5 V MT Sunroof,Mumbai,2013,60669,1,0,1,16.8,1497,116.3,5,4.95
Honda Amaze VX 2,Hyderabad,2018,12000,2,0,1,27.4,1498,98.6,5,8.5
Hyundai Verna 1.6 SX VTVT (O),Kolkata,2013,35000,1,0,1,17.1,1591,121.3,5,4.5
Honda Mobilio S i DTEC,Chennai,2015,65000,2,0,1,24.2,1498,98.6,7,5.5
Maruti Ertiga ZDI,Kochi,2013,39929,2,0,1,20.77,1248,88.8,7,6.56
Hyundai i10 Sportz,Kochi,2016,21456,1,0,1,20.36,1197,78.9,5,4.55
Hyundai i20 Asta Option 1.2,Mumbai,2015,37000,1,0,2,18.6,1197,81.83,5,5.25
BMW 5 Series 2003-2012 530d Highline,Coimbatore,2013,108640,2,1,1,11.5,2993,235,5,23.29
BMW 3 Series 320d M Sport,Mumbai,2016,38000,2,1,1,22.69,1995,190,5,23.99
Mercedes-Benz E-Class 2009-2013 E250 CDI Elegance,Mumbai,2011,47000,2,1,2,14.21,2143,203,5,13.9
Audi A6 2011-2015 2.0 TDI Premium Plus,Kolkata,2013,31000,2,1,1,17.68,1968,174.33,5,18.95
Renault KWID RXT,Jaipur,2016,4152,1,0,1,25.17,799,53.3,5,3.15
Volkswagen Ameo 1.5 TDI Highline,Mumbai,2017,51000,2,0,1,21.66,1498,108.62,5,6.45
Volkswagen Polo 2 Comfortline 1.2L,Ahmedabad,2013,55000,2,0,1,22.07,1199,73.9,5,4.25
Maruti Alto 800 LXI,Hyderabad,2014,58500,1,0,1,22.74,796,47.3,5,2.75
Hyundai i20 Asta Option 1.2,Kochi,2017,58620,1,0,1,18.6,1197,81.83,5,7.14
Hyundai i20 1.2 Sportz,Jaipur,2012,71172,1,0,3,17,1197,80,5,3.5
Hyundai i20 1.4 Asta,Chennai,2017,12000,2,0,1,22.54,1396,88.73,5,7.3
Maruti Wagon R LXI Optional,Kolkata,2014,25000,1,0,1,20.51,998,67.04,5,2.75
Hyundai i20 1.4 Asta Option,Bangalore,2017,43000,2,0,2,22.54,1396,88.73,5,8.2
Volkswagen Polo GT TSI,Mumbai,2015,57022,1,1,1,17.21,1197,103.6,5,6.51
Ford Figo 2 Titanium,Pune,2015,92000,2,0,1,20,1399,68.05,5,4.25
Maruti Swift ZXI,Coimbatore,2014,33372,1,0,2,18.6,1197,85.8,5,6.21
Hyundai Grand i10 CRDi Magna,Kochi,2016,52625,2,0,1,24,1120,70,5,4.58
Mahindra Xylo H4,Chennai,2016,215000,2,0,1,14.02,2179,118.3,7,7.5
Hyundai i10 Magna 1.1,Coimbatore,2014,60138,1,0,1,19.81,1086,68.05,5,4.09
Skoda Octavia Elegance 2.0 TDI AT,Mumbai,2014,84000,2,1,1,19.3,1968,141,5,10.75
BMW X5 2014-2019 xDrive 30d Design Pure Experience 7 Seater,Mumbai,2014,47000,2,1,1,15.97,2993,258,7,41.5
Maruti Celerio VXI AT,Hyderabad,2014,33450,1,1,1,23.1,998,67.04,5,4.4
Volkswagen Vento 2 Comfortline,Jaipur,2013,125000,2,0,2,20.54,1598,103.6,5,6.25
BMW 3 Series 320d Highline,Pune,2011,99606,2,1,2,16.07,1995,181,5,10.5
Maruti Ertiga ZDI,Mumbai,2014,64000,2,0,1,20.77,1248,88.8,7,7.25
Ford Figo 2 ZXI,Hyderabad,2013,51000,2,0,1,20,1399,68.05,5,3.2
Volkswagen Polo 1.2 MPI Highline,Mumbai,2014,57000,1,0,1,16.47,1198,74,5,3.95
Toyota Innova Crysta 2.4 ZX MT,Pune,2017,43200,2,0,1,13.68,2393,147.8,7,18.6
Hyundai Verna 1.6 CRDi EX AT,Delhi,2013,66000,2,1,1,22.32,1582,126.3,5,5.7
Audi A4 2.0 TDI,Delhi,2011,46000,2,1,2,16.55,1968,147.51,5,10.99
Audi A4 2.0 TDI,Kolkata,2012,47346,2,1,1,16.55,1968,147.51,5,14.5
Honda CR-V 2.0L 2WD AT,Coimbatore,2015,63856,1,1,1,13.7,1997,153.86,5,13.96
Hyundai Verna 1.6 SX CRDi (O),Coimbatore,2015,72996,2,0,1,22.32,1582,126.32,5,7.11
Honda Mobilio RS i DTEC,Chennai,2014,23000,2,0,1,24.5,1498,98.6,7,6.9
Hyundai i20 1.2 Asta Option,Coimbatore,2018,15985,1,0,1,18.6,1197,81.83,5,7.77
Toyota Innova 2.5 G (2) 7 Seater BS IV,Kolkata,2011,98000,2,0,2,12.8,2494,102,8,5.5
Hyundai i20 Magna 1.2,Hyderabad,2014,70089,1,0,1,18.6,1197,81.83,5,5.35
Mahindra Bolero VLX BS IV,Chennai,2011,99000,2,0,2,13.6,2523,63,7,4.5
Volkswagen Vento 1.5 TDI Comfortline,Jaipur,2014,72000,2,0,1,20.34,1498,103.2,5,4.75
Jaguar XF 2.2 Litre Luxury,Coimbatore,2015,44194,2,1,1,16.36,2179,187.7,5,32.8
Mercedes-Benz E-Class Facelift,Coimbatore,2018,56652,2,1,1,13,2987,258,5,50.29
Toyota Fortuner 3.0 2,Mumbai,2010,41650,2,0,2,11.5,2982,171,7,10.99
Hyundai Grand i10 AT Asta,Coimbatore,2015,61717,1,1,1,18.9,1197,82,5,5.57
Hyundai Xcent 1.2 CRDi S,Jaipur,2018,25302,2,0,1,25.4,1186,73.97,5,5.9
Hyundai Creta 1.6 VTVT S,Coimbatore,2016,47016,1,0,1,15.29,1591,121.3,5,9.43
Hyundai i10 Sportz,Bangalore,2010,69000,1,0,1,20.36,1197,78.9,5,2.9
Honda Brio S MT,Delhi,2016,32700,1,0,1,19.4,1198,86.8,5,3.68
Toyota Fortuner 4x2 AT,Coimbatore,2015,101337,2,1,1,12.55,2982,168.5,7,21.67
Audi A4 2.0 TDI Multitronic,Ahmedabad,2011,59000,2,1,1,16.55,1968,140,5,12.5
Toyota Innova Crysta 2.8 ZX AT,Kochi,2018,41736,2,1,1,11.36,2755,171.5,7,19.92
Honda City i DTEC VX,Jaipur,2014,71649,2,0,1,25.1,1498,98.6,5,6.75
Honda City i DTEC VX,Kochi,2015,80606,2,0,1,25.1,1498,98.6,5,6.96
Renault KWID 1.0 RXT Optional,Jaipur,2017,63262,1,0,1,21.7,999,67,5,3.25
Maruti Swift DDiS ZDI Plus,Hyderabad,2018,5456,2,0,1,28.4,1248,74,5,8.65
Maruti Celerio VXI Optional AMT,Pune,2017,7500,1,1,1,23.1,998,67.04,5,5
Mahindra XUV500 W8 2WD,Delhi,2011,66000,2,0,1,15.1,2179,140,7,5.5
Hyundai i10 Magna,Jaipur,2010,66770,1,0,2,20.36,1197,78.9,5,2.6
Hyundai i10 Magna 1.1,Kochi,2014,58472,1,0,1,19.81,1086,68.05,5,3.41
Maruti Dzire VXI,Kolkata,2011,46687,1,0,1,22,1197,81.8,5,2.7
Audi TT 40 TFSI,Kolkata,2012,7000,1,1,1,14.33,1984,226.6,4,35
Mercedes-Benz New C-Class C 200 CGI,Mumbai,2011,48000,1,1,2,14.74,1991,184,5,9.75
Nissan Sunny 2011-2014 2 XV,Mumbai,2013,47000,2,0,1,21.64,1461,84.8,5,4.25
Maruti Wagon R LXI,Ahmedabad,2015,51530,1,0,1,18.9,998,67.1,5,3.2
Maruti Swift Dzire ZDI,Bangalore,2014,25789,2,0,2,23.4,1248,74,5,6.85
Honda Amaze S i-Dtech,Delhi,2015,48000,2,0,1,25.8,1498,98.6,5,4.5
Maruti Swift ZDI,Delhi,2012,52000,2,0,1,28.4,1248,74,5,3.55
Mercedes-Benz E-Class E250 CDI Avantgrade,Kochi,2015,42076,2,1,1,13,2143,201.1,5,21.8
Toyota Fortuner 4x2 0,Mumbai,2012,76000,2,0,2,13,2982,168.5,7,13.5
Datsun redi-GO T Option,Bangalore,2016,20487,1,0,1,22.7,799,53.64,5,2.66
Honda City V MT,Delhi,2010,43000,1,0,2,16.8,1497,116.3,5,3.75
Toyota Camry Hybrid,Pune,2018,17000,1,1,1,19.16,2494,158.2,5,32
Honda City i DTec V,Coimbatore,2016,60805,2,0,1,26,1498,98.6,5,8.07
Volkswagen Jetta 2012-2014 2.0L TDI Trendline,Kochi,2012,58775,2,0,1,19.33,1968,138.1,5,5.64
Audi A6 2011-2015 2.0 TDI,Hyderabad,2013,70181,2,1,1,17.68,1968,174.33,5,23.99
Maruti Ertiga VDI,Coimbatore,2016,85827,2,0,1,20.77,1248,88.76,7,7.5
Mercedes-Benz New C-Class C 220 CDI Style,Jaipur,2016,58205,2,1,1,19.27,2143,167.62,5,27
Renault Duster 110PS 2 RxZ Pack,Pune,2012,74000,2,0,1,19.01,1461,108.45,5,6.35
Maruti Ritz VDi,Hyderabad,2010,79324,2,0,1,21.1,1248,73.9,5,3.3
Maruti Swift Dzire VXI,Bangalore,2013,38623,1,0,1,19.1,1197,85.8,5,5
Maruti Swift ZDi,Coimbatore,2014,59923,2,0,1,22.9,1248,74,5,6.46
Hyundai EON Sportz,Jaipur,2017,23360,1,0,1,21.1,814,55.2,5,3.75
Maruti Eeco 7 Seater Standard,Coimbatore,2012,56661,1,0,1,15.1,1196,73,7,3.61
Audi Q5 30 TDI quattro Premium,Coimbatore,2017,40318,2,1,1,14.16,1968,174.3,5,43.74
Audi Q3 2.0 TDI,Chennai,2014,60000,2,1,1,15.73,1968,174.33,5,20
Maruti Swift Dzire VDi,Hyderabad,2010,130000,2,0,1,19.3,1248,73.9,5,3.65
Tata Sumo DX,Mumbai,2013,20000,2,0,1,14.07,1978,83.1,10,5.25
BMW X5 2014-2019 xDrive 30d Design Pure Experience 7 Seater,Hyderabad,2016,76000,2,1,1,15.97,2993,258,7,58
Honda City i-VTEC CVT VX,Mumbai,2015,30000,1,1,1,18,1497,117.3,5,8.65
Tata Indigo eCS eLX BS IV,Delhi,2015,150000,2,0,1,25,1396,69.01,5,2.5
Volkswagen Vento TSI,Chennai,2014,28000,1,1,1,16.93,1197,103.6,5,7.75
Maruti Celerio VXI,Bangalore,2015,74000,1,0,1,23.1,998,67.04,5,4.15
Toyota Fortuner 3.0 2,Delhi,2011,75000,2,0,1,11.5,2982,171,7,10.85
Mitsubishi Outlander 2.4,Delhi,2010,76000,1,1,2,11.3,2360,170,5,5.53
Volkswagen Jetta 2007-2011 1.9 Highline TDI,Pune,2014,64889,2,1,1,15.5,1896,105,5,11.5
Hyundai Creta 1.6 CRDi SX,Kolkata,2015,43000,2,0,1,19.67,1582,126.2,5,9.25
Ford EcoSport 1.5 TDCi Titanium,Chennai,2015,80000,2,0,1,22.77,1498,98.59,5,7
Maruti Ciaz 1.4 Delta,Ahmedabad,2017,6006,1,0,1,20.73,1373,91.1,5,8.25
Mercedes-Benz New C-Class C 200 Avantgarde Edition C,Kochi,2011,71703,1,1,1,14.74,1991,181.03,5,9.14
Honda Amaze SX i-VTEC,Hyderabad,2016,33000,1,0,1,17.8,1198,86.7,5,6.5
Renault Duster 85PS 2 RxL,Jaipur,2015,91000,2,0,1,19.87,1461,83.8,5,5.75
Hyundai Creta 1.6 SX Plus 2,Coimbatore,2017,63770,2,0,1,19.67,1582,126.2,5,13.55
Jaguar XF 2,Kolkata,2012,43510,2,1,1,14.74,2993,270.9,5,20.5
Jeep Compass 2.0 Limited 4X4,Mumbai,2017,52000,2,0,1,16.3,1956,170,5,20
Land Rover Range Rover Evoque 2.0 TD4 HSE Dynamic,Kochi,2018,31427,2,1,1,15.68,1999,177,5,59.72
Maruti Baleno Alpha 2,Kolkata,2016,29000,2,0,1,27.39,1248,74,5,6.5
Maruti Ciaz ZDi SHVS,Ahmedabad,2016,56000,2,0,1,28.09,1248,88.5,5,7.5
Hyundai Elantra CRDi SX,Coimbatore,2015,53615,2,0,1,22.7,1582,126.24,5,8.44
Mitsubishi Pajero Sport 4X4,Bangalore,2013,132000,2,0,1,13.5,2477,175.56,7,12.49
Volkswagen Ameo 1.2 MPI Comfortline,Pune,2017,14800,1,0,1,17,1198,73.75,5,5.48
Maruti Ritz VXi,Hyderabad,2013,35433,1,0,1,18.5,1197,85.8,5,4.2
Hyundai Verna CRDi SX,Hyderabad,2013,82966,2,0,1,16.8,1493,110,5,7.2
Maruti Swift Dzire Tour LDI,Jaipur,2014,96000,2,0,1,23.4,1248,74,5,4.8
Mahindra KUV 100 mFALCON D75 K6,Kochi,2017,39528,2,0,1,25.32,1198,77,6,5.83
Toyota Innova Crysta 2.4 ZX MT,Coimbatore,2018,92056,2,0,1,13.68,2393,147.8,7,18.39
Maruti Baleno Delta 1.2,Pune,2016,14930,1,0,1,21.4,1197,83.1,5,5.85
Honda Jazz VX 2,Mumbai,2016,38000,2,0,1,27.3,1498,98.6,5,6.21
Hyundai i20 1.2 Asta,Delhi,2013,71000,1,0,1,17,1197,80,5,3.65
Hyundai i20 Sportz 2,Delhi,2012,71000,2,0,1,23,1396,90,5,3.7
Mercedes-Benz New C-Class C 220d Avantgarde Edition C,Pune,2015,50000,2,1,1,19.27,2143,167.62,5,30
Hyundai Xcent 1.2 Kappa Base,Kochi,2016,48163,1,0,1,19.1,1197,82,5,4.85
Hyundai Grand i10 AT Asta,Coimbatore,2017,19168,1,1,1,18.9,1197,82,5,6.93
Maruti Alto 800 VXI,Kolkata,2016,26000,1,0,1,22.74,796,47.3,5,2.6
Mercedes-Benz C-Class Progressive C 220d,Mumbai,2018,8682,2,1,1,0,1950,194,5,39.5
Skoda Superb Elegance 1.8 TSI AT,Mumbai,2012,95000,1,1,1,13.7,1798,157.75,5,10
Toyota Innova 2.5 G (2) 7 Seater BS IV,Mumbai,2014,95000,2,0,2,12.8,2494,102,8,9.45
Mercedes-Benz CLA 200 CDI Sport,Coimbatore,2017,13689,2,1,1,17.9,2143,136,5,28.25
Skoda Rapid 1.5 TDI AT Ambition,Ahmedabad,2015,60001,2,1,1,21.66,1498,103.52,5,7.25
Maruti Ritz VDi,Hyderabad,2012,96000,2,0,1,21.1,1248,73.9,5,3.6
Honda Amaze SX i-VTEC,Coimbatore,2014,28246,1,0,2,17.8,1198,86.7,5,4.94
Volkswagen Polo 2 Comfortline 1.2L,Chennai,2013,68000,2,0,2,22.07,1199,73.9,5,4.8
Ford Endeavour 2.2 Trend AT 4X2,Kochi,2019,11209,2,1,1,12.62,2198,158,7,31.15
Hyundai i20 1.2 Sportz,Pune,2011,41980,1,0,2,17,1197,80,5,3.3
Maruti Wagon R VXI BS IV,Pune,2014,51000,1,0,1,20.51,998,67.04,5,3.1
Skoda Rapid 1.6 MPI Ambition Plus,Kochi,2014,33855,1,0,1,15,1598,103.6,5,5.09
Ford EcoSport 1.5 TDCi Titanium,Bangalore,2015,47037,2,0,2,22.77,1498,98.59,5,7
Hyundai A ent GLE,Ahmedabad,2010,58000,1,0,2,13.2,1495,94,5,2.5
BMW 5 Series 520d Luxury Line,Mumbai,2012,61240,2,1,1,22.48,1995,190,5,17.5
Audi Q3 2012-2015 2.0 TDI Quattro Premium Plus,Bangalore,2013,84000,2,1,1,15.73,1968,174.33,5,17.75
Volvo XC60 D5,Pune,2011,106976,2,1,1,13.5,2400,215,5,13.8
Honda Jazz 1.5 VX i DTEC,Kolkata,2016,27210,2,0,1,27.3,1498,98.6,5,5.85
Maruti Ciaz 1.3 Alpha,Delhi,2017,26322,2,0,1,28.09,1248,88.5,5,8.9
Maruti Swift VXI BSIV,Mumbai,2016,9107,1,0,1,20.4,1197,81.8,5,5.15
Mercedes-Benz New C-Class C 220 CDI Avantgarde,Kochi,2015,63983,2,1,1,19.27,2143,170,5,16.56
Mercedes-Benz A Class A180 Sport,Pune,2015,11000,1,1,1,15.5,1595,120.7,5,16
Maruti Swift Dzire AMT ZDI,Coimbatore,2017,24852,2,1,1,26.59,1248,74,5,8.08
Hyundai Grand i10 AT Asta,Pune,2014,37632,1,1,1,18.9,1197,82,5,4.5
Nissan Sunny 2011-2014 XV Special Edition,Chennai,2013,55000,1,0,2,16.95,1498,97.7,5,4.3
Maruti A-Star Lxi,Hyderabad,2010,81448,1,0,1,19,998,66.1,5,2.6
Renault KWID RXT Optional,Hyderabad,2018,1900,1,0,1,25.17,799,53.3,5,4.45
Hyundai Verna 1.6 SX VTVT (O) AT,Coimbatore,2012,54957,1,1,1,17.1,1591,121.4,5,5.37
BMW 3 Series 320d Sport Line,Kolkata,2013,21983,2,1,1,18.88,1995,184,5,16.5
BMW 5 Series 2003-2012 520d,Delhi,2013,76000,2,1,1,18.48,1995,177,5,19
Tata Indigo CS eVX,Jaipur,2016,65000,2,0,1,25,1396,69.01,5,2.8
Hyundai i20 Sportz 1.4 CRDi,Hyderabad,2015,26000,2,0,1,22.54,1396,88.73,5,6.2
Maruti Omni E MPI STD BS IV,Kochi,2019,11571,1,0,1,16.8,796,34.2,8,3.8
Maruti Swift ZDi,Hyderabad,2014,81000,2,0,1,25.2,1248,74,5,6.1
Ford Ecosport Signature Edition 2,Coimbatore,2019,23154,2,0,1,23,1498,98.96,5,11.65
Honda Brio VX AT,Mumbai,2014,26856,1,1,1,16.5,1198,86.8,5,4.15
Toyota Innova Crysta 2.4 GX MT,Chennai,2017,67489,2,0,1,13.68,2393,147.8,7,16.5
Hyundai Verna 1.6 SX,Ahmedabad,2014,63003,2,0,1,22.32,1582,126.32,5,6.75
Mahindra XUV500 W6 2WD,Chennai,2014,80000,2,0,1,15.1,2179,140,7,9.4
Volkswagen Vento 1.5 TDI Comfortline,Coimbatore,2014,56658,2,0,1,20.64,1498,108.5,5,5.39
Maruti Swift Dzire VDI Optional,Kochi,2019,18592,2,0,1,26.59,1248,74,5,8.51
Maruti Swift VDI,Kolkata,2012,82000,2,0,2,22.9,1248,74,5,2.5
Volkswagen Polo 2 Highline 1.2L,Chennai,2013,60000,2,0,1,22.07,1199,73.9,5,4.75
Hyundai i20 Asta (o) 1.4 CRDi (2),Bangalore,2014,67000,2,0,1,23,1396,90,5,5.5
Honda City 1.5 V MT,Coimbatore,2012,42750,1,0,1,17,1497,118,5,6.33
Chevrolet Spark 1.0 LS,Kochi,2014,36657,1,0,1,16.2,995,62.1,5,3.3
Tata New Safari DICOR 2.2 EX 4x2,Delhi,2011,77000,2,0,2,11.57,2179,138.1,7,3.5
Mercedes-Benz GL-Class 350 CDI Blue Efficiency,Delhi,2014,85000,2,1,1,11.3,2987,254.8,7,38.75
Toyota Fortuner 2.8 4WD MT,Kochi,2013,105072,2,0,1,14.24,2755,174.5,7,13.28
BMW X1 sDrive 18i,Pune,2012,80000,1,1,1,11.25,1995,150,5,9.5
Renault Captur 1.5 2 Platine Mono,Kochi,2019,3102,2,0,1,20.37,1461,108.45,5,14.01
Hyundai Xcent 1.1 CRDi S,Coimbatore,2016,14656,2,0,1,24.4,1120,71,5,6.99
BMW 3 Series 320d,Hyderabad,2010,105000,2,1,2,13.2,1995,170,5,11
Jaguar XF 2.2 Litre Luxury,Delhi,2014,48000,2,1,1,16.36,2179,187.7,5,26.5
Land Rover Range Rover TDV8 (2),Bangalore,2011,55000,2,1,1,10.2,4367,308,7,67
Jeep Compass 1.4 Limited Option,Mumbai,2017,4000,1,1,1,16,1368,160,5,17.75
Honda CR-V 2.4 AT,Delhi,2010,94000,1,1,2,10.1,2354,152,5,4.8
Maruti Swift VXI,Coimbatore,2013,61110,1,0,1,18.6,1197,85.8,5,4.57
Hyundai Xcent 1.1 CRDi S,Chennai,2016,80000,2,0,1,24.4,1120,71,5,3.5
Nissan Terrano XV Premium 110 PS,Kochi,2015,43190,2,0,1,19.01,1461,108.5,5,7.61
Audi A4 35 TDI Technology,Hyderabad,2015,45000,2,1,1,18.25,1968,187.74,5,25
Hyundai Grand i10 Asta Option,Coimbatore,2016,44178,1,0,1,18.9,1197,82,5,5.88
Toyota Innova 2.5 G (2) 8 Seater,Hyderabad,2015,84415,2,0,1,12.99,2494,100.6,8,13.5
Hyundai i20 1.2 Magna,Kolkata,2015,35000,1,0,1,18.5,1197,80,5,4.6
Ford EcoSport 1.5 TDCi Titanium,Kolkata,2013,44000,2,0,1,22.77,1498,98.59,5,4.9
Honda City 1.5 S MT,Hyderabad,2012,67635,1,0,1,17,1497,118,5,5.25
Ford EcoSport 1.5 1 Titanium Plus AT,Coimbatore,2018,18385,1,1,1,14.8,1497,121.36,5,12.41
Volkswagen Polo 2 Highline 1.2L,Kolkata,2014,35000,2,0,1,22.07,1199,73.9,5,3.8
Mercedes-Benz New C-Class C 220 CDI Avantgarde,Mumbai,2010,49000,2,1,1,19.27,2143,170,5,8.95
Ford Ecosport 1.5 DV5 MT Titanium,Hyderabad,2013,69000,2,0,1,22.7,1498,89.84,5,7.2
Tata Indigo GLE,Hyderabad,2017,23228,1,0,1,14.4,1396,65,5,4.5
Maruti Swift Dzire LDI,Delhi,2014,68462,2,0,1,26.59,1248,74,5,4.15
Maruti S-Cross Zeta DDiS 200 SH,Coimbatore,2016,74611,2,0,1,25.1,1248,88.5,5,7.94
Renault Duster 110PS 2 RxZ Pack,Pune,2014,90000,2,0,1,19.01,1461,108.45,5,7.25
Maruti Wagon R VXI,Delhi,2016,22000,1,0,1,18.9,998,67.1,5,3.7
Mahindra XUV500 W4 1.99 mHawk,Delhi,2017,13363,2,0,1,16,1997,140,7,12
Toyota Innova Crysta 2.8 ZX AT,Bangalore,2016,108000,2,1,1,11.36,2755,171.5,7,20.5
Skoda Laura Elegance MT,Jaipur,2010,82407,2,0,1,17.5,1896,106,5,4.25
Hyundai Grand i10 Sportz,Kolkata,2013,29000,1,0,1,18.9,1197,82,5,3.2
Maruti Swift Dzire VDI,Kolkata,2014,45000,2,0,1,23.4,1248,74,5,3.85
Hyundai i20 Asta 1.4 CRDi (2),Kochi,2010,93401,2,0,1,23,1396,90,5,3.48
Ford Figo 2015-2019 1.5D Trend MT,Hyderabad,2017,95802,2,0,2,25.83,1498,99,5,4.55
Maruti Ertiga VDI,Pune,2016,130000,2,0,1,25.47,1248,88.5,7,7
Maruti Ertiga ZDI,Ahmedabad,2013,67443,2,0,1,20.77,1248,88.8,7,5.75
Honda City 1.5 V AT Sunroof,Kochi,2016,47681,1,1,1,16.8,1497,116.3,5,8.73
Ford Endeavour 3.2 Titanium AT 4X4,Hyderabad,2016,68000,2,1,1,10.91,3198,197,7,29.5
Maruti Vitara Brezza ZDi Plus,Kochi,2019,34688,2,0,1,24.3,1248,88.5,5,10.49
Porsche Boxster S tiptronic,Kolkata,2015,10512,1,1,1,8.6,2706,265,2,64
Maruti Swift ZDi,Pune,2016,58000,2,0,1,22.9,1248,74,5,7.55
Tata Zest Revotron 1.2 XT,Mumbai,2014,40000,1,0,1,17.57,1193,88.7,5,3.95
Hyundai i20 1.2 Sportz Option,Bangalore,2010,61000,1,0,4,17,1197,80,5,3.25
Toyota Corolla Altis D-4D J,Kolkata,2015,45000,2,0,1,21.43,1364,87.2,5,7.35
Volkswagen Ameo 1.2 MPI Comfortline,Ahmedabad,2017,55000,1,0,1,17,1198,73.75,5,4.7
Hyundai Creta 1.6 VTVT S,Kochi,2016,36855,1,0,2,15.29,1591,121.3,5,8.77
Hyundai i10 Magna 1.2,Kochi,2013,46821,1,0,1,20.36,1197,78.9,5,3.42
Chevrolet Beat LS,Kolkata,2015,120000,1,0,1,18.6,1199,76.8,5,2.5
Jaguar XF 3.0 Litre S Premium Luxury,Kolkata,2012,29000,2,1,1,14.74,2993,270.9,5,20
Nissan Terrano XL,Mumbai,2014,40000,1,0,1,13.24,1598,102.5,5,5.25
Audi Q3 2012-2015 2.0 TDI Quattro Premium Plus,Delhi,2013,60000,2,1,2,15.73,1968,174.33,5,14.5
Hyundai i10 Asta AT,Mumbai,2011,64984,1,1,1,16.95,1197,78.9,5,3.45
Maruti Alto K10 VXI AGS,Pune,2015,73204,1,1,1,24.07,998,67.1,5,3.3
Audi Q7 4.2 TDI Quattro Technology,Bangalore,2014,50000,2,1,1,11.33,4134,335.2,7,51
Maruti Vitara Brezza VDi,Kolkata,2017,35000,2,0,1,24.3,1248,88.5,5,6.5
Hyundai EON D Lite Plus,Hyderabad,2013,17729,1,0,1,21.1,814,55.2,5,3.65
Mahindra XUV300 W8 2,Chennai,2012,97000,2,0,1,20,1497,115,5,7.25
Hyundai Verna CRDi 1.6 SX Option,Kochi,2014,89614,2,0,1,22,1582,126.2,5,6.01
Maruti Wagon R VXI,Kolkata,2015,14000,1,0,1,18.9,998,67.1,5,2.8
Hyundai i20 Sportz Option,Chennai,2012,50000,1,0,1,17,1197,80,5,4
Honda City i VTEC V,Delhi,2014,62505,1,0,1,17.4,1497,117.3,5,5.95
Toyota Innova 2.5 V 2 7-seater,Chennai,2011,248000,2,0,2,12.8,2494,102,7,9.2
Hyundai Verna CRDi SX,Pune,2012,94900,2,0,1,16.8,1493,110,5,5.35
Tata Hexa XT,Delhi,2017,55000,2,0,1,17.6,2179,153.86,7,12
Audi Q7 3.0 TDI Quattro Premium Plus,Coimbatore,2015,53735,2,1,2,12.07,2967,241.4,7,38.94
BMW 5 Series 2013-2017 525d Luxury Line,Bangalore,2013,58500,2,1,2,17.09,1995,218,5,27.5
Honda Amaze EX i-Vtech,Kolkata,2014,48000,1,0,1,18,1198,86.7,5,2.75
Maruti Alto 800 2016-2019 LXI,Mumbai,2016,24000,1,0,1,24.7,796,47.3,5,2.8
Hyundai Verna 1.6 SX VTVT,Mumbai,2016,52001,1,0,1,17.01,1591,121.3,5,6.45
Tata Tiago 1.2 Revotron XZ,Coimbatore,2018,9565,1,0,1,23.84,1199,84,5,5.88
Maruti Swift LXI,Pune,2013,32953,1,0,1,18.6,1197,85.8,5,4.65
Hyundai EON Era,Jaipur,2014,18000,1,0,1,21.1,814,55.2,5,2.5
Mercedes-Benz E-Class E 220 d,Kochi,2018,20446,1,1,1,12.6,1950,191.34,5,51.35
Hyundai i20 Magna 1.4 CRDi,Hyderabad,2016,33016,2,0,1,22.54,1396,88.73,5,6.85
Toyota Etios VD,Chennai,2012,48000,2,0,1,23.59,1364,67.05,5,5.25
Toyota Corolla Altis 2 D4DG,Coimbatore,2014,72022,2,0,1,21.43,1364,87.2,5,9.23
Mini Cooper 5 DOOR D,Ahmedabad,2014,34000,2,1,1,20.7,1496,113.98,5,22
Volkswagen Polo 1.5 TDI Highline,Hyderabad,2014,69000,2,0,1,20.14,1498,88.8,5,5.19
Mercedes-Benz E-Class 2009-2013 E 220 CDI Avantgarde,Hyderabad,2013,34700,2,1,1,10,2148,170,5,24.5
Maruti Swift VDi BSIII W/ ABS,Pune,2015,79000,2,0,1,17.8,1248,75,5,5.75
Honda City i VTEC CVT VX,Kochi,2016,58197,1,1,1,18,1497,117.3,5,9.19
Maruti Swift Dzire VDI,Kolkata,2014,57000,2,0,1,26.59,1248,74,5,3.89
Honda City i DTec VX,Coimbatore,2018,45555,2,0,1,26,1498,98.6,5,11.73
Maruti Omni 8 Seater BSIV,Coimbatore,2016,55137,1,0,1,14,796,35,5,3.11
Skoda Superb 2009-2014 Elegance 2.0 TDI MT,Jaipur,2014,93325,2,0,2,17.2,1968,138.1,5,14.45
Maruti Ertiga SHVS VDI,Ahmedabad,2018,38000,2,0,1,24.52,1248,88.5,7,8.7
Hyundai Grand i10 CRDi Magna,Kochi,2016,57738,2,0,1,24,1120,70,5,5.04
Maruti Ciaz VDi Plus SHVS,Jaipur,2017,38282,2,0,1,28.09,1248,88.5,5,8.5
Mercedes-Benz New C-Class C 220 CDI Avantgarde,Delhi,2014,64000,2,1,1,19.27,2143,170,5,15.65
Fiat Avventura MULTIJET Emotion,Mumbai,2015,32000,2,0,1,20.5,1248,91.72,5,5.65
Mercedes-Benz E-Class 2009-2013 E 250 Elegance,Bangalore,2010,83000,1,1,1,10.93,2497,204,5,16.5
Volkswagen Vento 1 Highline,Pune,2012,67200,1,0,1,15.04,1598,103.6,5,3.9
BMW 3 Series 320d Luxury Line,Jaipur,2013,62655,2,1,1,18.88,1995,184,5,14.5
BMW 5 Series 2013-2017 530d M Sport,Bangalore,2015,16900,2,1,1,14.69,2993,258,5,44
Hyundai Grand i10 1.2 Kappa Magna,Delhi,2017,8471,1,0,1,18.9,1197,81.86,5,5
Toyota Innova Crysta 2.8 ZX AT,Hyderabad,2016,69000,2,1,1,11.36,2755,171.5,7,19.75
Renault Duster 110PS 2 RxZ AMT,Coimbatore,2017,30090,2,1,1,19.6,1461,108.45,5,11.44
Mercedes-Benz E-Class 2009-2013 E 200 CGI Avantgarde,Kochi,2016,35939,1,0,1,12.3,1796,185,5,30.42
Mahindra XUV500 W8 4WD,Coimbatore,2013,116694,2,0,1,15.1,2179,140,7,9.57
Mahindra Bolero ZLX,Mumbai,2016,40448,2,0,1,15.96,2523,62.1,7,3.5
Maruti Vitara Brezza ZDi,Coimbatore,2018,64456,2,0,1,24.3,1248,88.5,5,10.46
Fiat Avventura MULTIJET Emotion,Pune,2014,52782,2,0,1,20.5,1248,91.72,5,4.85
Honda Amaze S 1,Kochi,2016,51672,1,0,1,19.5,1199,88.76,5,5.68
Skoda Superb Elegance 1.8 TSI AT,Mumbai,2015,56073,1,1,1,13.7,1798,157.75,5,13.25
Jaguar XF 3.0 Litre S Premium Luxury,Bangalore,2011,65000,2,1,1,14.74,2993,270.9,5,16
Maruti Wagon R VXI BSIII,Chennai,2013,79000,1,0,1,18.9,998,67.1,5,3
Toyota Corolla Altis VL,Mumbai,2010,70200,1,1,1,14.53,1798,138.1,5,5
Maruti Swift VXi BSIV,Delhi,2016,42000,1,0,1,16.1,1197,85,5,4.75
Volkswagen Polo 1.2 MPI Highline,Bangalore,2014,62000,1,0,1,16.47,1198,74,5,5.35
Hyundai Grand i10 1.2 Kappa Asta,Hyderabad,2017,20000,1,0,1,18.9,1197,81.86,5,5.98
Maruti SX4 ZDI,Chennai,2011,80000,2,0,3,21.5,1248,88.8,5,3.5
Hyundai Grand i10 1.2 Kappa Magna,Kochi,2018,50234,1,0,1,18.9,1197,81.86,5,4.77
Maruti Baleno Delta 1.2,Delhi,2016,50003,1,0,1,21.4,1197,83.1,5,5.45
Tata Tigor 1.2 Revotron XTA,Ahmedabad,2018,1000,1,1,1,20.3,1199,84,5,6.85
Maruti Swift Dzire AMT ZDI,Jaipur,2016,54897,2,1,1,26.59,1248,74,5,7.3
Maruti SX4 S Cross DDiS 320 Zeta,Chennai,2015,73000,2,0,1,22.7,1598,118,5,8.25
Hyundai Xcent 1.2 Kappa SX,Kolkata,2016,32000,1,0,1,19.1,1197,82,5,3.6
Hyundai i20 1.2 Magna,Ahmedabad,2010,65000,1,0,1,18.5,1197,80,5,3
Maruti Celerio VXI AT,Hyderabad,2016,21600,1,1,1,23.1,998,67.04,5,4.65
Mercedes-Benz New C-Class C 220 CDI Elegance AT,Mumbai,2010,39000,2,1,1,14.84,2143,170,5,9.5
Maruti Swift Dzire VXi,Mumbai,2011,58075,1,0,1,17.5,1298,85.8,5,2.95
Volkswagen Vento 1 Trendline,Mumbai,2011,58000,1,0,1,15.04,1598,103.6,5,3
Maruti Swift ZDi,Hyderabad,2015,58000,2,0,1,25.2,1248,74,5,5.95
Ford EcoSport 1.5 Ti VCT AT Titanium BE,Kolkata,2017,1800,1,1,1,16.05,1499,110.4,5,11.37
Hyundai i10 Era,Jaipur,2013,46230,1,0,1,19.81,1086,68.05,5,3.1
Volvo XC60 D5 Inscription,Kochi,2014,86925,2,1,1,11.2,2400,215,5,17.18
Hyundai i20 1.2 Asta,Jaipur,2018,5000,1,0,1,18.6,1197,81.83,5,6.5
Honda City i DTEC S,Ahmedabad,2014,66000,2,0,1,26,1498,98.6,5,5.7
Toyota Innova 2.5 VX (2) 8 Seater BS IV,Ahmedabad,2013,119000,2,0,1,12.99,2494,100,8,8
Renault KWID RXT,Chennai,2016,45000,1,0,1,25.17,799,53.3,5,2.6
Mercedes-Benz B Class B180,Kochi,2014,42070,1,1,1,14.8,1595,120.7,5,11.57
Maruti Swift VDI BSIV,Jaipur,2016,41460,2,0,1,25.2,1248,74,5,5.9
Hyundai Verna VTVT 1.6 AT SX Option,Mumbai,2015,40600,1,1,1,17,1591,121.3,5,7.2
Hyundai Verna CRDi 1.6 AT SX Option,Ahmedabad,2013,87000,2,1,1,22,1582,126.2,5,5.9
Honda City V MT,Chennai,2014,30000,1,0,2,16.8,1497,116.3,5,6
Toyota Etios GD SP,Coimbatore,2016,53702,2,0,1,23.59,1364,67.04,5,6.55
Volvo S60 D4 Momentum,Hyderabad,2015,51000,2,1,1,27.03,1969,190,5,25
Ford Figo 2 EXI,Kolkata,2012,36542,2,0,1,20,1399,68.05,5,2.65
Mercedes-Benz E-Class 2015-2017 E350 CDI Avantgrade,Mumbai,2017,15000,2,1,1,13,2987,265,5,69.5
BMW 3 Series 320d Luxury Line,Chennai,2012,65000,2,1,1,22.69,1995,190,5,14
Toyota Innova Crysta 2.4 VX MT,Hyderabad,2017,24393,2,0,1,13.68,2393,147.8,7,20.4
Volkswagen Polo 1.0 MPI Trendline,Hyderabad,2019,1000,1,0,1,18.78,999,75,5,5.68
Nissan Terrano XL,Mumbai,2014,28238,1,0,1,13.24,1598,102.5,5,5.55
Mitsubishi Pajero Sport 4X4,Mumbai,2013,59000,2,0,1,13.5,2477,175.56,7,12.75
Honda Civic 2010-2013 1.8 S MT,Mumbai,2012,92000,1,0,2,14.8,1799,130.2,5,3.35
Volkswagen Vento 2 Highline,Coimbatore,2013,62746,2,0,2,20.54,1598,103.6,5,5.9
Land Rover Freelander 2 HSE,Hyderabad,2012,96000,2,1,1,12.35,2179,187.74,5,18.98
Honda CR-V 2.0L 2WD MT,Mumbai,2014,24000,1,0,1,13.7,1997,153.86,5,11.51
Maruti Ertiga VDI,Mumbai,2016,54000,2,0,1,20.77,1248,88.76,7,7.75
Toyota Innova 2.5 GX (2) 7 Seater,Chennai,2016,90000,2,0,1,12.99,2494,100.6,7,13.9
Audi Q7 35 TDI Quattro Premium Plus,Mumbai,2015,65938,2,1,2,12.07,2967,241.4,7,38
Hyundai Verna 1.6 SX VTVT (O) AT,Mumbai,2017,16100,1,1,1,17.1,1591,121.4,5,11.6
Volkswagen Vento 1.5 Highline Plus AT 16 Alloy,Hyderabad,2017,3600,2,1,1,21.5,1498,108.5,5,12.25
Honda City 1.5 S MT,Jaipur,2011,52000,1,0,1,17,1497,118,5,3.8
Ford Figo 2 Titanium,Mumbai,2014,54000,2,0,1,20,1399,68.05,5,3.25
Honda Jazz 1.2 VX i VTEC,Mumbai,2016,15399,1,0,1,18.7,1199,88.7,5,6.4
Volkswagen Polo 1 Highline 1.2L,Bangalore,2012,75000,1,0,2,16.47,1198,73.9,5,3.95
Honda City i-VTEC S,Delhi,2010,76752,1,0,1,17.4,1497,117.3,5,3.57
Maruti Wagon R LXI 3,Pune,2015,70000,3,0,1,26.2,998,58.2,5,3.65
Honda CR-V 2.4L 4WD AT AVN,Kolkata,2013,46125,1,1,2,12,2354,187.4,5,12.5
BMW 5 Series 2013-2017 520d Luxury Line,Ahmedabad,2014,35000,2,1,2,18.12,1995,190,5,23
Mahindra Scorpio VLX 2.2 mHawk BSIII,Coimbatore,2012,62729,2,0,1,12.05,2179,120,8,6.32
Volkswagen Vento 2 Comfortline,Kolkata,2012,34000,2,0,1,20.54,1598,103.6,5,3.4
Toyota Corolla Altis 1.8 VL CVT,Delhi,2017,21000,1,1,1,14.28,1798,138.03,5,18
BMW 3 Series 328i Sport Line,Pune,2013,49000,1,1,1,14.59,1997,245,5,19
Toyota Corolla Altis 1.4 DG,Ahmedabad,2012,52000,2,0,1,21.43,1364,86.79,5,6.5
Mahindra XUV500 W4,Bangalore,2014,65213,2,0,1,16,2179,140,7,9.45
Hyundai Xcent 1.1 CRDi Base,Mumbai,2016,170000,2,0,1,24.4,1120,71,5,4
Mercedes-Benz E-Class 2015-2017 E250 CDI Avantgarde,Kochi,2017,36884,2,1,1,13,2143,204,5,32.25
Toyota Corolla Altis VL AT,Mumbai,2015,68000,1,1,2,14.28,1798,138.03,5,9.75
Toyota Corolla 1.8 J,Kolkata,2014,40748,1,0,1,14.53,1798,138,5,6.3
Audi Q3 2.0 TDI Quattro,Hyderabad,2013,60000,2,1,1,17.32,1968,184,5,21
Hyundai i20 Magna Optional 1.4 CRDi,Mumbai,2014,12400,2,0,1,21.9,1396,88.8,5,4.65
Mercedes-Benz New C-Class C 220d Avantgarde Edition C,Mumbai,2013,87000,2,1,2,19.27,2143,167.62,5,17
Maruti Ritz VDi,Pune,2013,20248,2,0,1,21.1,1248,73.9,5,4.35
Hyundai Creta 1.6 SX Plus 2,Coimbatore,2017,52383,2,0,1,19.67,1582,126.2,5,14.82
Jaguar XE 2.0L 2 Prestige,Delhi,2018,1000,2,1,1,13.6,1999,177,5,40
Mahindra Xylo D4,Chennai,2016,85000,2,0,1,14.95,2489,93.7,7,6.15
Toyota Innova 2.5 G (2) 7 Seater,Ahmedabad,2014,47000,2,0,1,12.99,2494,100.6,7,11.25
Toyota Camry 2.5 Hybrid,Pune,2018,17585,1,1,1,19.16,2494,157.7,5,32
Audi Q5 3.0 TDI Quattro,Coimbatore,2018,32496,2,1,1,13.22,2967,241.4,5,45.62
Maruti Swift VDI,Kochi,2017,34613,2,0,1,28.4,1248,74,5,6.24
Maruti Ertiga VDI Limited Edition,Chennai,2015,153000,2,0,1,20.77,1248,88.76,7,4.8
Maruti Swift VXi BSIV,Chennai,2014,54000,1,0,2,16.1,1197,85,5,4.5
Hyundai i10 Sportz,Kochi,2015,16900,1,0,1,20.36,1197,78.9,5,3.87
Hyundai i10 Sportz,Delhi,2013,62334,1,0,1,20.36,1197,78.9,5,2.75
Maruti Baleno Sigma 1.2,Kochi,2018,23714,1,0,1,21.4,1197,83.1,5,6.57
Honda Brio S MT,Ahmedabad,2012,50000,1,0,1,19.4,1198,86.8,5,3.65
Maruti Swift ZDi,Hyderabad,2016,55746,2,0,1,22.9,1248,74,5,6.95
Hyundai Xcent 1.2 VTVT S,Bangalore,2014,54000,1,0,1,20.14,1197,81.86,5,5.5
Mahindra XUV500 W8 2WD,Kolkata,2013,43000,2,0,1,16,2179,140,7,7
Mercedes-Benz E-Class E250 CDI Avantgrade,Delhi,2014,40000,2,1,1,13,2143,201.1,5,24
Mercedes-Benz New C-Class C 220 CDI Avantgarde,Bangalore,2016,51944,2,1,1,19.27,2143,170,5,32.5
Hyundai i20 Asta 1.4 CRDi,Kochi,2015,46950,2,0,1,21.27,1396,88.76,5,6.45
Skoda Octavia Elegance 2.0 TDI AT,Mumbai,2015,23000,2,1,1,19.3,1968,141,5,15.75
Honda City 1.5 S MT,Mumbai,2014,54546,1,0,1,17,1497,118,5,5.5
Toyota Fortuner 4x2 AT,Kochi,2015,51535,2,1,1,12.55,2982,168.5,7,19.03
Audi Q3 2.0 TDI Quattro,Kolkata,2013,45000,2,1,1,17.32,1968,184,5,15.25
Audi A4 2.0 TDI 177   Premium Plus,Kochi,2014,77395,2,1,1,17.11,1968,174.33,5,14.35
Maruti Alto 800 2016-2019 3 LXI,Mumbai,2018,10600,3,0,1,33.44,796,40.3,4,3.5
Honda City i-VTEC CVT VX,Kochi,2018,22974,1,1,1,18,1497,117.3,5,11.97
Toyota Fortuner 2.8 2WD MT,Ahmedabad,2015,65012,2,0,1,14.24,2755,174.5,7,18.9
Hyundai Grand i10 Sportz,Ahmedabad,2017,17125,1,0,1,18.9,1197,82,5,5.4
Maruti Eeco 7 Seater Standard,Hyderabad,2015,90413,1,0,1,15.1,1196,73,7,2.95
Volkswagen Polo 1 Highline 1.2L,Bangalore,2013,37000,1,0,1,16.47,1198,73.9,5,5.1
Honda City 1.5 V MT,Bangalore,2011,66000,1,0,1,17,1497,118,5,4.9
Honda Civic 2010-2013 1.8 S MT,Mumbai,2010,86000,1,0,1,14.8,1799,130.2,5,2.9
Hyundai Grand i10 CRDi Sportz Celebration Edition,Kochi,2018,35070,2,0,1,24,1120,70,5,5.99
Volkswagen Vento 1 Highline AT,Pune,2011,42000,1,1,3,14.4,1598,103.6,5,3.4
Chevrolet Beat LS,Pune,2012,65000,1,0,1,18.6,1199,79.4,5,2.5
Volkswagen Polo 2 Highline 1.2L,Hyderabad,2013,74000,2,0,1,22.07,1199,73.9,5,4.85
Ford Figo 1 LXI,Hyderabad,2010,51192,1,0,1,15.6,1196,70,5,2.65
Audi TT 2.0 TFSI,Kochi,2014,14262,1,1,1,9.9,1984,207.8,2,27.35
Honda City i DTEC VX,Jaipur,2015,66339,2,0,2,25.1,1498,98.6,5,6.9
Ford Figo 2 Titanium,Hyderabad,2013,90200,2,0,1,20,1399,68.05,5,3.5
Toyota Innova 2.5 ZX 2 7 Seater,Delhi,2015,57854,2,0,1,12.99,2494,100.6,7,12.5
Maruti Ciaz 1.4 AT Alpha,Delhi,2017,32000,1,1,1,19.12,1373,91.1,5,9.2
Hyundai Grand i10 AT Asta,Mumbai,2015,29631,1,1,1,18.9,1197,82,5,4.9
Ford EcoSport 1.0 Ecoboost Titanium Plus BE,Kochi,2014,54173,1,0,1,18.88,999,123.24,5,5.55
Skoda Octavia Ambition 1.8 TSI AT,Ahmedabad,2014,50000,1,1,1,14.7,1798,177.6,5,13.5
Fiat Linea Emotion (2),Kolkata,2010,145000,2,0,1,20.4,1248,91.7,5,2.6
Maruti Swift Lxi BSIII,Jaipur,2015,78000,1,0,1,16.1,1298,88.2,5,4.5
Land Rover Discovery 4 TDV6 SE,Delhi,2013,65000,2,1,2,11.8,2993,180,7,34
Toyota Innova 2.5 V 2 7-seater,Hyderabad,2012,120000,2,0,1,12.8,2494,102,7,12
Maruti Swift LDI,Mumbai,2015,14000,2,0,1,28.4,1248,74,5,5.25
Audi A6 2011-2015 2.0 TDI Premium Plus,Kochi,2014,57456,2,1,1,17.68,1968,174.33,5,21.56
BMW 5 Series 520d Luxury Line,Coimbatore,2012,44450,2,1,1,22.48,1995,190,5,24.68
Hyundai i20 Magna Optional 1.2,Delhi,2013,63777,1,0,1,18.5,1197,82.9,5,3.67
BMW X1 M Sport sDrive 20d,Mumbai,2016,31000,2,1,1,17.05,1995,190,5,29.5
Toyota Etios G,Delhi,2012,60000,1,0,1,17.6,1496,88.73,5,3.1
Tata Indigo LX,Ahmedabad,2015,78008,2,0,1,17,1405,70,5,2.9
Mercedes-Benz M-Class ML 350 4Matic,Bangalore,2014,33000,2,1,2,0,2987,165,5,43
Volkswagen Polo GT TDI,Hyderabad,2011,57275,2,0,1,19.7,1598,103.6,5,4.5
Hyundai Grand i10 CRDi Magna,Delhi,2014,45000,2,0,1,24,1120,70,5,3.49
Maruti Swift VDI BSIV,Delhi,2014,57319,2,0,1,25.2,1248,74,5,4.25
BMW 5 Series 2003-2012 525d,Mumbai,2011,89000,2,1,1,16.73,1995,218,5,16.57
Honda City 1.5 S MT,Bangalore,2012,72000,1,0,1,17,1497,118,5,5.75
Audi A4 2.0 TDI,Delhi,2013,36000,2,1,2,16.55,1968,147.51,5,14
Fiat Linea Classic Plus 1.3 Multijet,Jaipur,2013,86000,2,0,2,19.5,1248,75,5,2.5
BMW 3 Series 320d Luxury Line,Kochi,2013,37613,2,1,1,22.69,1995,190,5,13.95
Tata Nano XTA,Coimbatore,2016,5240,1,1,1,21.9,624,37.48,4,3.6
Maruti Eeco 5 STR With AC Plus HTR 3,Mumbai,2018,20000,3,0,1,15.1,1196,73,5,4.5
Maruti Ignis 1.2 Delta,Coimbatore,2019,16862,1,0,1,20.89,1197,81.8,5,6.06
Maruti Swift Dzire ZXi,Coimbatore,2013,59254,1,0,2,17.5,1298,85.8,5,5.29
Ford Ecosport 1.5 DV5 MT Titanium,Jaipur,2014,60000,2,0,1,22.7,1498,89.84,5,5.75
Maruti Swift Dzire VXI,Coimbatore,2014,47674,1,0,1,19.1,1197,85.8,5,5.72
Hyundai i10 Sportz AT,Kochi,2014,61517,1,1,1,16.95,1197,78.9,5,4.39
Mahindra XUV500 W6 2WD,Coimbatore,2016,62946,2,0,1,15.1,2179,140,7,11.05
Hyundai i20 Magna 1.4 CRDi,Delhi,2015,66823,2,0,2,22.54,1396,88.73,5,4.83
Maruti Wagon R 3 LXI,Pune,2013,79494,3,0,1,33.54,998,67.04,5,2.96
Hyundai i20 Asta 1.4 CRDi,Chennai,2012,107000,2,0,2,21.27,1396,88.76,5,4.5
BMW 7 Series 730Ld,Mumbai,2011,55000,2,1,2,16.46,2993,258,5,19.5
Skoda Rapid 1.6 MPI AT Style Plus,Mumbai,2017,24000,1,1,1,14.3,1598,103.52,5,8.75
Audi Q7 45 TDI Quattro Technology,Mumbai,2016,20002,2,1,1,14.75,2967,245,7,67
Honda City i VTEC VX,Kochi,2016,54317,1,0,1,17.4,1497,117.3,5,8.4
Hyundai Xcent 1.2 Kappa SX,Mumbai,2016,10200,1,0,1,19.1,1197,82,5,4.99
Honda City i DTec E,Coimbatore,2016,24337,2,0,1,26,1498,98.6,5,8.18
Honda Brio S Option MT,Pune,2012,79000,1,0,1,18.4,1198,86.8,5,2.9
Maruti Ciaz ZDi Plus SHVS,Jaipur,2015,40500,2,0,1,28.09,1248,88.5,5,7.1
Maruti Swift Dzire VDI Optional,Pune,2016,23000,2,0,1,26.59,1248,74,5,7.05
Honda CR-V 2.4L 4WD AT,Pune,2015,63050,1,1,1,11.1,2354,158.8,5,17.5
Honda City 1.5 V MT,Coimbatore,2012,66245,1,0,1,17,1497,118,5,5.68
Skoda Laura 1.8 TSI Ambiente,Delhi,2011,87670,1,0,1,13.4,1798,157.8,5,4
BMW 3 Series 320d Sport Line,Hyderabad,2015,10000,2,1,1,18.88,1995,184,5,30
Maruti Ciaz VXi Plus,Kochi,2015,44620,1,0,1,20.73,1373,91.1,5,6.93
Land Rover Range Rover 3.6 TDV8 Vogue SE 2,Bangalore,2012,66538,2,1,1,10.2,4367,308,7,70
Toyota Innova 2.5 G (2) 7 Seater BS IV,Ahmedabad,2013,60000,2,0,1,12.99,2494,100,7,7.9
Hyundai Santro Xing GL,Kochi,2011,20842,1,0,1,0,1086,62,5,2.78
Hyundai Santa Fe 4WD AT,Chennai,2014,110000,2,1,1,13.01,2199,194.3,7,14.4
Mercedes-Benz New C-Class C250 Avantgarde,Mumbai,2011,45000,1,1,2,11.74,1796,186,5,13.5
Maruti Wagon R LXI 3,Mumbai,2014,40000,3,0,2,26.6,998,58.16,5,3.15
Maruti Alto LXi,Coimbatore,2012,49008,1,0,1,19.7,796,46.3,5,2.88
Nissan Sunny 2011-2014 XV,Pune,2013,8000,1,0,1,16.95,1498,97.7,5,3.75
Maruti Alto 800 2016-2019 VXI,Mumbai,2019,171,1,0,1,24.7,796,47.3,5,3.6
Maruti Alto K10 VXI,Kolkata,2018,2100,1,0,1,24.07,998,67.1,5,3.6
Hyundai Grand i10 1.2 Kappa Sportz AT,Coimbatore,2018,20667,1,1,1,18.9,1197,81.86,5,7.55
Honda Mobilio S i DTEC,Kolkata,2015,50000,2,0,1,24.2,1498,98.6,7,4.7
Chevrolet Optra Magnum 2.0 LT,Pune,2011,75372,2,0,1,16.52,1991,123.7,5,3.34
Honda City i VTEC CVT VX,Kochi,2016,60475,1,1,1,18,1497,117.3,5,9.1
Hyundai Grand i10 1.2 Kappa Sportz,Kochi,2019,18453,1,0,1,18.9,1197,81.86,5,6.17
Nissan Micra XL,Kolkata,2016,31001,1,0,1,18.44,1198,75,5,3
Hyundai Verna 1.6 SX,Jaipur,2012,65900,2,0,1,22.32,1582,126.32,5,5.75
Hyundai Creta 1.6 VTVT E Plus,Bangalore,2017,26246,1,0,1,15.29,1591,121.3,5,10.75
Maruti Wagon R VXI BS IV,Jaipur,2013,62700,1,0,2,20.51,998,67.04,5,2.85
Honda City 1.5 S AT,Bangalore,2016,36000,1,1,1,16.8,1497,118,5,9.45
Maruti Baleno Alpha 1.3,Delhi,2016,46000,2,0,1,27.39,1248,74,5,6.75
Honda City i DTec V,Coimbatore,2017,73003,2,0,1,26,1498,98.6,5,7.75
Hyundai i20 Era 1.4 CRDi,Kochi,2014,46566,2,0,1,22.54,1396,88.76,5,4.4
Mercedes-Benz E-Class 2015-2017 E350 Edition E,Jaipur,2015,41493,2,1,1,13,2987,265,5,42
Nissan Terrano XV 110 PS,Kochi,2014,103788,2,0,1,19.01,1461,108.5,5,5.67
Renault Duster 110PS 2 RxZ AMT,Bangalore,2016,45000,2,1,1,19.6,1461,108.45,5,11.5
Maruti Ritz LXi,Mumbai,2016,62000,1,0,1,18.5,1197,85.8,5,3.2
BMW 5 Series 520d Sport Line,Kochi,2019,18373,2,1,1,22.48,1995,187.74,5,45.86
Volkswagen Polo 1.2 MPI Highline,Hyderabad,2016,60453,1,0,1,16.47,1198,74,5,5.1
BMW 3 Series 320d Luxury Line,Hyderabad,2013,30000,2,1,1,18.88,1995,184,5,22
Hyundai Verna 1.6 SX CRDi (O),Delhi,2012,70707,2,0,1,22.32,1582,126.32,5,4.28
Renault Duster 85PS 2 RxL,Coimbatore,2015,64677,2,0,1,20.45,1461,83.8,5,5.67
Hyundai Grand i10 1.2 Kappa Magna AT,Bangalore,2018,3000,1,1,1,18.9,1197,81.86,5,6.2
BMW X1 sDrive20d,Bangalore,2013,49000,2,1,2,17.05,1995,184,5,14.49
Maruti Ritz VDi,Pune,2010,71000,2,0,1,21.1,1248,73.9,5,3
BMW X5 2014-2019 xDrive 30d Design Pure Experience 7 Seater,Kochi,2016,35659,2,1,1,15.97,2993,258,7,43.78
Honda City V MT Exclusive,Kochi,2019,5377,1,0,1,16.8,1497,116.3,5,11.45
Mahindra Ssangyong Rexton RX7,Delhi,2014,65000,2,1,1,11.18,2696,184,7,10.5
Ford Ecosport 1.5 DV5 MT Titanium Optional,Coimbatore,2015,92708,2,0,1,22.7,1498,89.84,5,7.48
Maruti Alto LXi,Coimbatore,2010,48105,1,0,1,19.7,796,46.3,5,3.1
Volkswagen Polo 1.2 MPI Highline,Mumbai,2011,46759,1,0,1,16.47,1198,74,5,2.55
Volkswagen Polo 2 Comfortline 1.2L,Jaipur,2013,62000,2,0,1,22.07,1199,73.9,5,3.5
Volkswagen Polo 2 Highline 1.2L,Kolkata,2012,35175,2,0,1,22.07,1199,73.9,5,2.59
Maruti Ertiga ZDI,Kolkata,2013,70000,2,0,1,20.77,1248,88.8,7,5.45
Ford EcoSport 1.5 TDCi Ambiente,Kolkata,2017,30000,2,0,1,22.77,1498,98.59,5,6
Toyota Innova Crysta 2.8 ZX AT,Kolkata,2016,66618,2,1,1,11.36,2755,171.5,7,15.49
BMW 5 Series 523i Sedan,Mumbai,2010,69300,1,1,2,10.8,2497,150,5,12.5
Maruti Swift Dzire Tour LDI,Kolkata,2017,148000,2,0,1,23.4,1248,74,5,4.75
Ford Ecosport 1.0 Ecoboost Platinum Edition,Mumbai,2017,22000,1,0,1,18.88,999,123.24,5,7.85
Hyundai Verna CRDi SX,Ahmedabad,2013,75000,2,0,1,16.8,1493,110,5,6
Tata Zest Revotron 1.2T XM,Mumbai,2016,43706,1,0,1,17.57,1193,88.7,5,4
Audi A7 2011-2015 3.0 TDI Quattro,Mumbai,2011,42000,2,1,1,14.4,2967,241.4,5,28.75
Tata Indica Vista Quadrajet VX,Pune,2012,65000,2,0,1,22.3,1248,74,5,2.5
Maruti Swift Dzire VDI,Delhi,2015,76128,2,0,1,26.59,1248,74,5,5.5
Hyundai i20 1.2 Spotz,Mumbai,2017,18673,1,0,1,18.6,1197,81.83,5,6.22
Hyundai EON Era Plus,Kolkata,2016,11583,1,0,1,21.1,814,55.2,5,2.75
Mercedes-Benz GLA Class 200 CDI SPORT,Pune,2017,50000,2,1,1,17.9,2143,136,5,25
Maruti Celerio VXI,Delhi,2014,77000,1,0,1,23.1,998,67.04,5,2.8
Honda Jazz 1.2 V AT i VTEC Privilege,Pune,2016,21000,1,1,1,19,1199,88.7,5,6.35
Renault Duster 110PS 2 RxL,Bangalore,2014,70000,2,0,1,19.01,1461,108.45,5,8.25
Ford Figo 2015-2019 1.5P Titanium AT,Mumbai,2017,16000,1,1,1,17.01,1499,110.4,5,5.95
Toyota Innova Crysta 2.4 VX MT,Kochi,2018,8899,2,0,1,13.68,2393,147.8,7,19.92
Chevrolet Beat 2 LS,Kochi,2016,83629,2,0,1,25.44,936,56.3,5,3.15
Volkswagen Polo GTI,Chennai,2014,35059,1,1,1,17.21,1798,189,4,5.75
Ford Endeavour 3.2 Trend AT 4X4,Kochi,2018,30552,2,1,1,10.91,3198,197.2,7,32.44
Hyundai Verna 1.6 SX CRDI (O) AT,Kochi,2016,44875,2,1,2,22.32,1582,126.32,5,8.01
Ford Figo 2015-2019 1.2P Titanium Opt MT,Coimbatore,2017,25095,1,0,1,18.16,1196,86.8,5,6.48
Honda City i DTEC V,Kolkata,2014,36000,2,0,1,26,1498,98.6,5,5
Mahindra XUV500 W8 2WD,Mumbai,2012,37000,2,0,1,16,2179,140,7,7.75
Ford Figo 2 ZXI,Chennai,2010,90000,2,0,1,20,1399,68,5,2.6
Ford EcoSport 1.5 1 Titanium,Pune,2018,17000,1,0,1,17,1497,121.36,5,9.2
Hyundai i20 Asta 1.2,Mumbai,2015,42575,1,0,1,18.6,1197,81.83,5,5.05
Toyota Innova 2.5 G (2) 7 Seater BS IV,Hyderabad,2012,131000,2,0,1,12.99,2494,100,7,9.6
Renault Duster 85PS 2 RxL Optional,Mumbai,2013,74000,2,0,1,20.46,1461,83.8,5,5.5
Toyota Innova 2.5 VX (2) 8 Seater,Mumbai,2013,47234,2,0,1,12.99,2494,100.6,8,9.35
Maruti Alto K10 VXI,Hyderabad,2016,10000,1,0,1,24.07,998,67.1,5,3.5
Nissan Micra Active XL 1,Kochi,2016,49389,1,0,1,19.49,1198,67.04,5,4.26
Maruti Celerio VXI AT,Chennai,2016,12000,1,1,2,23.1,998,67.04,5,4.25
Mercedes-Benz New C-Class 200 Kompressor,Hyderabad,2010,65000,1,0,2,11.7,1796,178,5,11.75
Ford Fiesta 2 Style,Chennai,2013,177000,2,0,1,23.5,1498,88.7,5,3.5
Hyundai Verna 1.6 VTVT S,Jaipur,2015,89000,1,0,1,17.01,1591,121.3,5,7.5
Maruti Swift Dzire VXi,Chennai,2012,49000,1,0,1,17.5,1298,85.8,5,4.9
Mercedes-Benz New C-Class C 220CDIBE Avantgarde Command,Hyderabad,2014,51355,2,1,1,14.84,2143,170,5,27
Hyundai Elite i20 1 Asta,Kochi,2017,13460,1,0,1,18.6,1197,81.86,5,8.91
Hyundai Verna 1.6 VTVT EX AT,Kochi,2014,35642,1,1,1,17.01,1591,121.4,5,6.69
Chevrolet Cruze LTZ,Kochi,2014,52895,2,0,1,17.3,1998,163.7,5,6.02
Toyota Corolla Altis 1.8 G,Mumbai,2010,93000,1,0,1,14.28,1798,138.03,5,4.5
Maruti Swift Dzire Tour LDI,Delhi,2014,71800,2,0,1,23.4,1248,74,5,2.9
Audi Q3 2.0 TDI Quattro,Ahmedabad,2016,45000,2,1,1,17.32,1968,184,5,27
Honda Amaze VX i-DTEC,Chennai,2016,15388,2,0,1,25.8,1498,98.6,5,7.5
Audi Q5 2.0 TDI Premium Plus,Hyderabad,2016,43000,2,1,1,14.16,1968,174.3,5,39.5
Maruti Ritz VDi,Hyderabad,2012,85112,2,0,1,23.2,1248,73.94,5,3.39
Mahindra Scorpio S6 7 Seater,Kochi,2018,37804,2,0,1,15.4,2179,120,7,12.4
Maruti Ciaz ZDi SHVS,Chennai,2014,45000,2,0,1,28.09,1248,88.5,5,6.85
Toyota Corolla Altis Aero D 4D J,Pune,2011,116000,2,0,2,21.43,1364,138,5,5.75
Volkswagen Polo 1.2 MPI Highline,Kolkata,2015,22000,1,0,1,16.47,1198,74,5,3.8
Hyundai Elantra 2.0 SX Option AT,Delhi,2017,9500,1,1,1,14.62,1999,149.92,5,16.35
Toyota Fortuner 4x2 4 Speed AT,Hyderabad,2012,152000,2,1,1,11.5,2982,169,7,16.5
Maruti Baleno Zeta 1.2,Coimbatore,2019,17705,1,0,1,21.4,1197,83.1,5,8.7
Maruti Baleno Zeta 1.2,Mumbai,2016,12000,1,0,1,21.4,1197,83.1,5,6.1
Mini Cooper Countryman D,Hyderabad,2013,51000,2,1,1,23.8,1998,112,5,21.94
Maruti Alto K10 LXI,Delhi,2015,51000,1,0,1,20.92,998,67.1,5,2.65
Maruti Swift VXI Optional,Kochi,2017,42527,1,0,1,20.4,1197,81.8,5,5.27
Toyota Innova 2.5 G (2) 8 Seater BS IV,Kolkata,2011,70000,2,0,1,12.8,2494,102,8,6
BMW 3 Series 320d Sport Line,Hyderabad,2012,57156,2,1,2,18.88,1995,184,5,18
Skoda Octavia Ambition 1.4 TSI MT,Coimbatore,2016,53211,1,0,1,16.8,1395,138.02,5,11.64
Toyota Fortuner 3.0 2,Kolkata,2019,80000,2,0,1,11.5,2982,171,7,8.99
Hyundai i20 1.4 CRDi Asta,Kolkata,2011,37000,2,0,1,23,1396,90,5,2.95
Tata Manza Club Class Quadrajet90 LX,Mumbai,2013,64000,2,0,2,21.02,1248,88.76,5,2.65
Volkswagen Vento 1 Highline,Pune,2013,57197,1,0,1,15.04,1598,103.6,5,4
Hyundai Creta 1.6 SX 1 2,Chennai,2016,55000,2,1,1,17.6,1582,126.2,5,12.5
Maruti Ritz VXI,Mumbai,2014,33000,1,0,1,21.1,1197,85.8,5,3.25
Mahindra XUV500 W8 2WD,Delhi,2012,75000,2,0,2,15.1,2179,140,7,6.25
Volkswagen Ameo 1.5 TDI Comfortline,Jaipur,2016,58095,2,0,1,21.66,1498,108.62,5,5.8
Tata Zest Revotron 1.2 XT,Kolkata,2015,7445,1,0,1,17.57,1193,88.7,5,5
Jaguar XJ 3.0L Portfolio LWB,Kochi,2016,17652,2,1,1,12.9,2993,270.88,5,58.73
Toyota Corolla Altis 1.8 VL CVT,Kochi,2018,28321,1,1,1,14.28,1798,138.03,5,17.49
Hyundai i20 Asta (o),Delhi,2014,42365,1,0,1,17,1197,80,5,5.5
Toyota Fortuner 4x2 AT,Delhi,2013,123000,2,1,1,12.55,2982,168.5,7,16.5
Mercedes-Benz New C-Class C 200 CGI Avantgarde,Mumbai,2011,40000,1,1,2,11.74,1796,186,5,14.5
Maruti Baleno Alpha 1.3,Hyderabad,2016,30112,2,0,1,27.39,1248,74,5,7.79
Maruti Ertiga VDI,Kochi,2017,43775,2,0,1,20.77,1248,88.76,7,8.27
Land Rover Range Rover Sport SE,Kochi,2019,26013,2,1,1,12.65,2993,255,5,97.07
BMW X3 xDrive20d,Coimbatore,2014,41089,2,1,1,16.09,1995,184,5,28.79
Skoda Laura Ambition 2.0 TDI CR AT,Mumbai,2011,41988,2,1,1,20,1968,138.1,5,5.45
Maruti Swift Dzire VDI,Delhi,2013,72486,2,0,1,23.4,1248,74,5,3.95
Volvo V40 Cross Country D3,Pune,2013,92000,2,1,1,23.3,1984,150,5,16
Maruti Swift Dzire ZXi,Delhi,2013,40000,1,0,1,17.5,1298,85.8,5,4.25
Land Rover Range Rover 2.2L Pure,Bangalore,2014,56000,2,1,1,12.7,2179,187.7,5,34.5
Toyota Innova 2.5 G (2) 8 Seater,Kochi,2017,29219,2,0,1,12.99,2494,100.6,8,13.48
Toyota Fortuner 4x4 MT,Hyderabad,2018,39927,2,0,1,12.55,2982,168.5,7,32.1
Honda Jazz 1.2 E i VTEC,Kochi,2018,38593,1,0,1,18.7,1199,88.7,5,6.17
Honda City 1.5 V MT,Kolkata,2015,32000,1,0,1,17,1497,118,5,5.5
Maruti Dzire AMT ZDI Plus,Hyderabad,2017,28226,2,1,1,28.4,1248,73.75,5,9.15
Nissan Sunny 2011-2014 2 XL,Pune,2014,95000,2,0,1,21.64,1461,84.8,5,4.5
Toyota Innova 2.5 G (2) 8 Seater,Chennai,2014,194000,2,0,1,12.99,2494,100.6,8,10.5
Honda Brio S MT,Coimbatore,2016,14821,1,0,1,19.4,1198,86.8,5,5.37
Volkswagen Vento 1 Trendline,Bangalore,2012,52000,1,0,1,15.04,1598,103.6,5,5.45
Mahindra XUV500 W4,Mumbai,2016,33000,2,0,1,16,2179,140,7,9.25
Ford EcoSport 1.5 2 Titanium Plus,Chennai,2016,29200,2,0,1,23,1498,98.96,5,7.7
Skoda Yeti Ambition 4X2,Hyderabad,2012,99754,2,0,1,17.72,1968,108.49,5,7.99
Hyundai i10 Sportz,Chennai,2012,49000,1,0,1,20.36,1197,78.9,5,3
Tata Zest Quadrajet 1.3 XT,Coimbatore,2018,38310,2,0,1,20.65,1248,88.7,5,6.69
Maruti Swift VDI,Delhi,2014,56000,2,0,1,22.9,1248,74,5,4.25
Skoda Rapid 1.5 TDI AT Style,Kolkata,2017,31300,2,1,1,21.72,1498,108.4,5,10.5
Toyota Innova Crysta 2.4 VX MT 8S,Coimbatore,2019,11241,2,0,1,13.68,2393,147.8,8,22.55
Hyundai Verna 1.6 SX VTVT,Pune,2014,48000,1,0,2,17.01,1591,121.3,5,5.2
Honda City i VTEC VX Option,Coimbatore,2019,23882,1,0,1,17.4,1497,117.3,5,11.87
Honda City i DTEC SV,Hyderabad,2014,65000,2,0,1,26,1498,98.6,5,6.99
Volkswagen Vento 2 Highline,Jaipur,2011,50000,2,0,1,20.54,1598,103.6,5,5
Audi Q5 2008-2012 3.0 TDI,Chennai,2014,25000,2,1,1,12.19,2967,236,5,44
Maruti Alto 800 LXI,Chennai,2015,21000,1,0,1,22.74,796,47.3,5,2.79
Tata Manza ELAN Quadrajet BS IV,Pune,2012,148000,2,0,2,21.12,1248,88.8,5,2.9
Hyundai Creta 1.6 SX Plus Dual Tone 1,Delhi,2016,68000,1,0,1,15.29,1591,121.3,5,9.85
Mercedes-Benz GL-Class 2007 2012 350 CDI Luxury,Bangalore,2014,52000,2,1,1,12,2987,224,7,49
Mahindra Thar CRDe,Jaipur,2016,19000,2,0,1,16.55,2498,105,6,9.25
Hyundai Verna 1.6 CRDI,Mumbai,2011,74000,2,0,2,22.32,1582,126.3,5,3.75
Ford Aspire Titanium 2,Coimbatore,2017,30279,2,0,1,26.1,1498,99,5,7.29
Mini Cooper 3 DOOR D,Mumbai,2016,20000,2,1,1,20.7,1496,113.98,4,23.5
Maruti Omni 8 Seater BSIV,Hyderabad,2013,34834,1,0,1,14,796,35,5,2.6
